TransactionID,SaleDate,SalesYear,SalesQuarter,YearMonth,CustomerID,CustomerName,Region,ProductID,ProductName,Category,StoreID,CampaignID,SaleAmount
24,2024-06-01,2024,2,2024-06,1116,Melissa Rivera,Central,2097,Office-Recent,Office,404,2,763.17
382,2024-06-01,2024,2,2024-06,1162,Deborah Rice,East,2037,Clothing-Meeting,Clothing,403,0,1010.22
618,2024-06-01,2024,2,2024-06,1098,Jeffrey Maxwell,West,2042,Clothing-Lawyer,Clothing,401,2,1244.38
855,2024-06-01,2024,2,2024-06,1005,Jessica Mora,South,2083,Clothing-Cut,Clothing,403,1,413.48
863,2024-06-01,2024,2,2024-06,1082,Connor Martin,Central,2054,Electronics-Above,Electronics,401,2,1551.01
1147,2024-06-01,2024,2,2024-06,1034,Heather Smith,Central,2091,Office-Mrs,Office,404,2,3920.03
1569,2024-06-01,2024,2,2024-06,1062,Ashley Harmon,South,2081,Office-Light,Office,403,2,840.11
443,2024-06-02,2024,2,2024-06,1066,Derrick Myers,North,2064,Electronics-Stop,Electronics,403,0,1915.58
1182,2024-06-03,2024,2,2024-06,1181,Tiffany Smith,East,2025,Electronics-Assume,Electronics,404,3,287.03
1231,2024-06-03,2024,2,2024-06,1014,Cindy Woods,East,2045,Office-Next,Office,402,2,1423.46
1905,2024-06-03,2024,2,2024-06,1116,Melissa Rivera,Central,2071,Clothing-Success,Clothing,404,2,1536.9
602,2024-06-04,2024,2,2024-06,1180,Jennifer Smith,South-West,2036,Electronics-Candidate,Electronics,404,3,452.01
928,2024-06-04,2024,2,2024-06,1131,Mark Gomez,West,2090,Office-Staff,Office,403,1,573.6
1394,2024-06-04,2024,2,2024-06,1159,Kelli Smith,North,2097,Office-Recent,Office,403,1,3893.77
898,2024-06-05,2024,2,2024-06,1039,Brandy Good,West,2018,Electronics-Nature,Electronics,404,2,1464.57
1277,2024-06-05,2024,2,2024-06,1020,Michelle Brewer,East,2098,Clothing-Trouble,Clothing,404,3,293.49
1947,2024-06-05,2024,2,2024-06,1174,Deborah Saunders,West,2064,Electronics-Stop,Electronics,403,,660.78
1979,2024-06-05,2024,2,2024-06,1076,Glenn Shelton,East,2074,Clothing-Strong,Clothing,401,3,1253.82
2121,2024-06-05,2024,2,2024-06,1034,Heather Smith,Central,2083,Clothing-Cut,Clothing,403,1,463.17
308,2024-06-06,2024,2,2024-06,1056,Kristina Wilson,East,2079,Office-Who,Office,403,0,1664.69
337,2024-06-06,2024,2,2024-06,1150,Bobby Hunter,North,2053,Home-Ground,Home,401,1,1186.22
489,2024-06-06,2024,2,2024-06,1167,Terry Frederick,North,2010,Electronics-Themselves,Electronics,404,0,1499.78
583,2024-06-06,2024,2,2024-06,1066,Derrick Myers,North,2044,Office-Society,Office,402,2,96.22
1374,2024-06-06,2024,2,2024-06,1040,Angel Lee,Central,2040,Clothing-Determine,Clothing,404,1,57.75
1383,2024-06-06,2024,2,2024-06,1036,Robert Bishop,South-West,2013,Office-Cultural,Office,404,,4594.13
2091,2024-06-06,2024,2,2024-06,1111,Ronald Chavez,South-West,2028,Electronics-Take,Electronics,403,0,645.65
2229,2024-06-06,2024,2,2024-06,1169,Michael Edwards,South-West,2018,Electronics-Nature,Electronics,403,2,1213.51
954,2024-06-07,2024,2,2024-06,1034,Heather Smith,Central,2004,Office-Where,Office,402,0,876.06
1101,2024-06-07,2024,2,2024-06,1020,Michelle Brewer,East,2091,Office-Mrs,Office,404,1,4252.36
1216,2024-06-07,2024,2,2024-06,1087,Carla Tran,East,2035,Home-According,Home,402,0,2104.26
1648,2024-06-07,2024,2,2024-06,1124,Megan Novak,East,2036,Electronics-Candidate,Electronics,403,1,1265.2
1717,2024-06-07,2024,2,2024-06,1067,Lawrence Pearson,East,2079,Office-Who,Office,402,,2820.07
1756,2024-06-07,2024,2,2024-06,1132,Scott Winters,West,2061,Home-Quite,Home,404,1,204.31
1802,2024-06-07,2024,2,2024-06,1065,Daniel Adams,Central,2083,Clothing-Cut,Clothing,401,2,688.1
2370,2024-06-07,2024,2,2024-06,1116,Melissa Rivera,Central,2019,Home-History,Home,404,0,4742.56
2387,2024-06-07,2024,2,2024-06,1062,Ashley Harmon,South,2083,Clothing-Cut,Clothing,404,1,1080.26
326,2024-06-08,2024,2,2024-06,1026,Gary Walls,North,2023,Home-Yeah,Home,404,0,4541.56
728,2024-06-08,2024,2,2024-06,1141,David Palmer,North,2079,Office-Who,Office,404,2,2463.04
775,2024-06-08,2024,2,2024-06,1181,Tiffany Smith,East,2011,Electronics-Religious,Electronics,403,1,1012.93
1191,2024-06-08,2024,2,2024-06,1033,Paul Perkins,East,2091,Office-Mrs,Office,403,1,1960.74
1378,2024-06-08,2024,2,2024-06,1024,Andres Avila,Central,2018,Electronics-Nature,Electronics,403,3,1805.84
1711,2024-06-08,2024,2,2024-06,1149,Jordan Elliott,North,2097,Office-Recent,Office,401,2,1917.71
1898,2024-06-08,2024,2,2024-06,1116,Melissa Rivera,Central,2009,Office-Raise,Office,404,0,20.26
2048,2024-06-08,2024,2,2024-06,1126,Lee Luna,East,2090,Office-Staff,Office,403,1,773.9
2193,2024-06-08,2024,2,2024-06,1032,Terri Long,East,2072,Electronics-Become,Electronics,402,1,378.97
937,2024-06-09,2024,2,2024-06,1195,Michael Lee,South-West,2005,Office-Huge,Office,402,0,1880.27
1010,2024-06-09,2024,2,2024-06,1034,Heather Smith,Central,2036,Electronics-Candidate,Electronics,402,3,1090.26
1029,2024-06-09,2024,2,2024-06,1019,Michelle Torres,Central,2013,Office-Cultural,Office,403,0,1613.8
2024,2024-06-09,2024,2,2024-06,1191,Kyle Smith Jr.,South,2054,Electronics-Above,Electronics,402,3,3849.86
2264,2024-06-09,2024,2,2024-06,1138,Bonnie Stewart,South,2079,Office-Who,Office,403,2,4555.83
995,2024-06-10,2024,2,2024-06,1026,Gary Walls,North,2039,Clothing-Need,Clothing,401,2,1312.82
1203,2024-06-10,2024,2,2024-06,1167,Terry Frederick,North,2065,Office-Animal,Office,402,1,1459.97
1358,2024-06-10,2024,2,2024-06,1066,Derrick Myers,North,2023,Home-Yeah,Home,403,,1566.25
1455,2024-06-10,2024,2,2024-06,1052,Brandon Hinton,South-West,2062,Office-Receive,Office,404,2,1023.11
1524,2024-06-10,2024,2,2024-06,1083,Jacqueline Bishop,South,2019,Home-History,Home,402,0,928.21
1697,2024-06-10,2024,2,2024-06,1116,Melissa Rivera,Central,2067,Clothing-Remain,Clothing,401,2,359.27
2078,2024-06-10,2024,2,2024-06,1150,Bobby Hunter,North,2087,Electronics-Rather,Electronics,402,0,1459.87
104,2024-06-11,2024,2,2024-06,1143,Miss Chelsea Castro DDS,Central,2070,Clothing-About,Clothing,402,3,52.31
391,2024-06-11,2024,2,2024-06,1034,Heather Smith,Central,2023,Home-Yeah,Home,403,1,3607.68
506,2024-06-11,2024,2,2024-06,1089,Matthew Hernandez,North,2056,Office-About,Office,402,1,778.95
527,2024-06-11,2024,2,2024-06,1182,James Gray,West,2058,Home-Wear,Home,401,1,290.91
539,2024-06-11,2024,2,2024-06,1030,Alice Robinson,East,2026,Clothing-Use,Clothing,404,2,1621.78
1093,2024-06-11,2024,2,2024-06,1092,Timothy Hill,West,2046,Clothing-Worry,Clothing,403,2,32.44
1102,2024-06-11,2024,2,2024-06,1066,Derrick Myers,North,2097,Office-Recent,Office,404,2,3636.18
1471,2024-06-11,2024,2,2024-06,1192,Gregory Medina,East,2079,Office-Who,Office,402,1,1858.87
724,2024-06-12,2024,2,2024-06,1037,Lisa Sanders,West,2055,Clothing-Politics,Clothing,402,3,872.66
1247,2024-06-12,2024,2,2024-06,1010,Mike Davis,East,2069,Clothing-Garden,Clothing,403,2,1860.51
1591,2024-06-12,2024,2,2024-06,1005,Jessica Mora,South,2023,Home-Yeah,Home,402,1,2530.81
1723,2024-06-12,2024,2,2024-06,1107,Emily Hoffman,West,2060,Office-Term,Office,401,1,791.49
2255,2024-06-12,2024,2,2024-06,1136,Scott Hernandez,South,2016,Home-He,Home,402,0,1775.47
83,2024-06-13,2024,2,2024-06,1061,Taylor Kaufman,North,2039,Clothing-Need,Clothing,401,0,4286.33
553,2024-06-13,2024,2,2024-06,1012,Tara Miller,North,2013,Office-Cultural,Office,401,1,4510.74
681,2024-06-13,2024,2,2024-06,1071,Christopher Frost,East,2022,Home-Economy,Home,401,3,157.89
1121,2024-06-13,2024,2,2024-06,1055,William Benitez,East,2052,Office-Year,Office,401,2,669.36
1813,2024-06-13,2024,2,2024-06,1026,Gary Walls,North,2012,Clothing-Artist,Clothing,401,3,1885.74
1925,2024-06-13,2024,2,2024-06,1166,David Mccullough,South-West,2029,Home-Yourself,Home,403,0,122.66
2131,2024-06-13,2024,2,2024-06,1032,Terri Long,East,2079,Office-Who,Office,403,3,3385.48
407,2024-06-14,2024,2,2024-06,1071,Christopher Frost,East,2079,Office-Who,Office,403,1,4491.4
488,2024-06-14,2024,2,2024-06,1099,Lori Howard,East,2067,Clothing-Remain,Clothing,403,,1449.8
796,2024-06-14,2024,2,2024-06,1020,Michelle Brewer,East,2080,Office-Doctor,Office,403,,435.76
1165,2024-06-14,2024,2,2024-06,1116,Melissa Rivera,Central,2059,Electronics-Clear,Electronics,403,3,1807.49
1642,2024-06-14,2024,2,2024-06,1020,Michelle Brewer,East,2022,Home-Economy,Home,403,2,1871.75
1787,2024-06-14,2024,2,2024-06,1109,Aaron Garcia,East,2091,Office-Mrs,Office,401,3,3176.16
1831,2024-06-14,2024,2,2024-06,1005,Jessica Mora,South,2005,Office-Huge,Office,403,3,523.8
2056,2024-06-14,2024,2,2024-06,1071,Christopher Frost,East,2039,Clothing-Need,Clothing,401,,3269.01
2376,2024-06-14,2024,2,2024-06,1032,Terri Long,East,2035,Home-According,Home,403,0,4948.55
687,2024-06-15,2024,2,2024-06,1013,Alyssa Morgan,North,2085,Electronics-Officer,Electronics,402,3,1919.04
1128,2024-06-15,2024,2,2024-06,1096,Patricia Rogers,South,2016,Home-He,Home,403,0,1458.12
1178,2024-06-15,2024,2,2024-06,1107,Emily Hoffman,West,2079,Office-Who,Office,401,0,3797.02
1884,2024-06-15,2024,2,2024-06,1012,Tara Miller,North,2058,Home-Wear,Home,401,3,1586.43
1992,2024-06-15,2024,2,2024-06,1071,Christopher Frost,East,2088,Office-Evening,Office,401,,626.47
2006,2024-06-15,2024,2,2024-06,1034,Heather Smith,Central,2019,Home-History,Home,402,0,1578.41
2043,2024-06-15,2024,2,2024-06,1053,Benjamin Cline,East,2097,Office-Recent,Office,401,1,2494.34
2098,2024-06-15,2024,2,2024-06,1027,Anthony Schroeder,East,2038,Office-Soon,Office,404,1,660.75
157,2024-06-16,2024,2,2024-06,1071,Christopher Frost,East,2040,Clothing-Determine,Clothing,403,3,115.46
404,2024-06-16,2024,2,2024-06,1116,Melissa Rivera,Central,2071,Clothing-Success,Clothing,401,1,844.88
533,2024-06-16,2024,2,2024-06,1170,Eric Davis,North,2077,Office-Ball,Office,403,0,863.07
741,2024-06-16,2024,2,2024-06,1038,Jason Ford,East,2007,Clothing-Over,Clothing,403,2,661.71
223,2024-06-17,2024,2,2024-06,1071,Christopher Frost,East,2042,Clothing-Lawyer,Clothing,403,0,420.55
916,2024-06-17,2024,2,2024-06,1037,Lisa Sanders,West,2078,Electronics-Film,Electronics,402,0,1073.69
1255,2024-06-17,2024,2,2024-06,1053,Benjamin Cline,East,2084,Office-Stuff,Office,403,3,867.52
1285,2024-06-17,2024,2,2024-06,1112,Joseph Flores,East,2073,Clothing-Executive,Clothing,401,3,100.0
1492,2024-06-17,2024,2,2024-06,1010,Mike Davis,East,2024,Clothing-Paper,Clothing,402,3,1207.07
306,2024-06-18,2024,2,2024-06,1083,Jacqueline Bishop,South,2035,Home-According,Home,403,0,1670.75
922,2024-06-18,2024,2,2024-06,1167,Terry Frederick,North,2024,Clothing-Paper,Clothing,404,0,1257.07
1354,2024-06-18,2024,2,2024-06,1194,Casey Brown,Central,2084,Office-Stuff,Office,401,0,1957.58
2058,2024-06-18,2024,2,2024-06,1019,Michelle Torres,Central,2063,Home-Good,Home,402,0,545.08
128,2024-06-19,2024,2,2024-06,1066,Derrick Myers,North,2073,Clothing-Executive,Clothing,404,3,839.81
420,2024-06-19,2024,2,2024-06,1089,Matthew Hernandez,North,2058,Home-Wear,Home,401,,251.29
431,2024-06-19,2024,2,2024-06,1058,Steven Jackson,Central,2061,Home-Quite,Home,404,0,546.31
652,2024-06-19,2024,2,2024-06,1002,Mark Marshall,Central,2015,Office-Itself,Office,402,1,735.49
1578,2024-06-19,2024,2,2024-06,1058,Steven Jackson,Central,2047,Clothing-Hair,Clothing,403,1,1920.48
1703,2024-06-19,2024,2,2024-06,1066,Derrick Myers,North,2085,Electronics-Officer,Electronics,403,1,1743.44
2027,2024-06-19,2024,2,2024-06,1034,Heather Smith,Central,2091,Office-Mrs,Office,402,2,4077.84
295,2024-06-20,2024,2,2024-06,1062,Ashley Harmon,South,2054,Electronics-Above,Electronics,404,1,4358.68
375,2024-06-20,2024,2,2024-06,1080,Thomas Parker,South-West,2097,Office-Recent,Office,402,2,3597.09
790,2024-06-20,2024,2,2024-06,1005,Jessica Mora,South,2083,Clothing-Cut,Clothing,403,1,651.92
1094,2024-06-20,2024,2,2024-06,1151,Sabrina Lester,West,2039,Clothing-Need,Clothing,402,2,2204.78
2109,2024-06-20,2024,2,2024-06,1161,David Ellis,East,2019,Home-History,Home,403,0,1662.67
2278,2024-06-20,2024,2,2024-06,1116,Melissa Rivera,Central,2035,Home-According,Home,401,1,1680.32
45,2024-06-21,2024,2,2024-06,1156,Dennis Acevedo,East,2009,Office-Raise,Office,404,1,63.76
645,2024-06-21,2024,2,2024-06,1163,Elizabeth Vaughn,West,2065,Office-Animal,Office,402,1,1217.59
1743,2024-06-21,2024,2,2024-06,1116,Melissa Rivera,Central,2086,Home-Of,Home,402,,981.63
1782,2024-06-21,2024,2,2024-06,1171,Ronald Marquez,South-West,2034,Clothing-Feel,Clothing,401,,816.33
2276,2024-06-21,2024,2,2024-06,1013,Alyssa Morgan,North,2005,Office-Huge,Office,404,3,773.38
56,2024-06-22,2024,2,2024-06,1057,Kathy Hall,North,2099,Electronics-Several,Electronics,401,1,89.74
310,2024-06-22,2024,2,2024-06,1110,Melissa Grimes,South,2050,Electronics-Young,Electronics,404,,386.97
473,2024-06-22,2024,2,2024-06,1047,Ashley Pearson,West,2036,Electronics-Candidate,Electronics,403,3,503.98
692,2024-06-22,2024,2,2024-06,1161,David Ellis,East,2082,Office-Figure,Office,402,,645.82
1025,2024-06-22,2024,2,2024-06,1066,Derrick Myers,North,2013,Office-Cultural,Office,401,1,954.64
1391,2024-06-22,2024,2,2024-06,1057,Kathy Hall,North,2005,Office-Huge,Office,402,1,318.46
2069,2024-06-22,2024,2,2024-06,1185,Cameron Levine,East,2098,Clothing-Trouble,Clothing,402,1,1581.57
328,2024-06-23,2024,2,2024-06,1048,Dr. Donald Proctor,North,2070,Clothing-About,Clothing,403,2,16.95
501,2024-06-23,2024,2,2024-06,1081,Ryan White,South,2019,Home-History,Home,403,1,3531.36
840,2024-06-23,2024,2,2024-06,1063,Howard Case,South-West,2089,Electronics-Action,Electronics,402,3,407.91
1560,2024-06-23,2024,2,2024-06,1136,Scott Hernandez,South,2014,Clothing-Eat,Clothing,404,1,400.6
1679,2024-06-23,2024,2,2024-06,1034,Heather Smith,Central,2033,Clothing-Argue,Clothing,404,3,1036.54
1919,2024-06-23,2024,2,2024-06,1089,Matthew Hernandez,North,2019,Home-History,Home,402,3,2270.67
294,2024-06-24,2024,2,2024-06,1042,Christopher Dodson,North,2032,Electronics-There,Electronics,401,0,1042.21
592,2024-06-24,2024,2,2024-06,1165,Richard Burnett,Central,2097,Office-Recent,Office,403,3,1804.81
636,2024-06-24,2024,2,2024-06,1101,Ryan Martin,South-West,2079,Office-Who,Office,403,0,2081.1
670,2024-06-24,2024,2,2024-06,1071,Christopher Frost,East,2075,Electronics-Letter,Electronics,401,0,273.22
2054,2024-06-24,2024,2,2024-06,1199,James Cooley,West,2039,Clothing-Need,Clothing,403,1,4111.64
861,2024-06-25,2024,2,2024-06,1084,Martha Mccall,North,2000,Electronics-Signal,Electronics,404,3,1781.54
1075,2024-06-25,2024,2,2024-06,1032,Terri Long,East,2013,Office-Cultural,Office,403,1,1083.72
176,2024-06-26,2024,2,2024-06,1123,Colleen Greene,South-West,2043,Electronics-Practice,Electronics,402,2,1728.52
644,2024-06-26,2024,2,2024-06,1177,Katherine West,East,2023,Home-Yeah,Home,401,3,4798.2
1081,2024-06-26,2024,2,2024-06,1098,Jeffrey Maxwell,West,2048,Electronics-Candidate,Electronics,404,1,409.63
1308,2024-06-26,2024,2,2024-06,1043,Eric Pena,West,2097,Office-Recent,Office,401,,624.44
1334,2024-06-26,2024,2,2024-06,1145,Stephanie Powell,East,2035,Home-According,Home,401,0,4207.99
1476,2024-06-26,2024,2,2024-06,1161,David Ellis,East,2003,Electronics-Training,Electronics,404,3,686.76
190,2024-06-27,2024,2,2024-06,1071,Christopher Frost,East,2084,Office-Stuff,Office,404,2,946.34
208,2024-06-27,2024,2,2024-06,1129,Karina Jones,East,2097,Office-Recent,Office,402,3,1424.31
785,2024-06-27,2024,2,2024-06,1089,Matthew Hernandez,North,2088,Office-Evening,Office,401,0,911.74
926,2024-06-27,2024,2,2024-06,1048,Dr. Donald Proctor,North,2050,Electronics-Young,Electronics,404,0,1513.92
1157,2024-06-27,2024,2,2024-06,1116,Melissa Rivera,Central,2010,Electronics-Themselves,Electronics,402,2,1393.0
1745,2024-06-27,2024,2,2024-06,1137,Jessica Harmon,South-West,2071,Clothing-Success,Clothing,404,2,1952.94
2212,2024-06-27,2024,2,2024-06,1116,Melissa Rivera,Central,2086,Home-Of,Home,401,1,1042.49
350,2024-06-28,2024,2,2024-06,1163,Elizabeth Vaughn,West,2040,Clothing-Determine,Clothing,403,2,82.42
438,2024-06-28,2024,2,2024-06,1066,Derrick Myers,North,2092,Electronics-Add,Electronics,404,3,1065.96
959,2024-06-28,2024,2,2024-06,1193,Nancy King,South,2024,Clothing-Paper,Clothing,402,0,215.83
1192,2024-06-28,2024,2,2024-06,1182,James Gray,West,2058,Home-Wear,Home,404,2,977.43
1406,2024-06-28,2024,2,2024-06,1071,Christopher Frost,East,2092,Electronics-Add,Electronics,404,2,580.33
1506,2024-06-28,2024,2,2024-06,1106,Jennifer Ewing,East,2077,Office-Ball,Office,402,1,635.55
1734,2024-06-28,2024,2,2024-06,1054,Laura Mcdonald,South,2014,Clothing-Eat,Clothing,402,1,1752.61
155,2024-06-29,2024,2,2024-06,1066,Derrick Myers,North,2094,Office-Fight,Office,403,2,1636.34
230,2024-06-29,2024,2,2024-06,1071,Christopher Frost,East,2047,Clothing-Hair,Clothing,401,3,80.68
834,2024-06-29,2024,2,2024-06,1020,Michelle Brewer,East,2063,Home-Good,Home,401,1,234.75
836,2024-06-29,2024,2,2024-06,1032,Terri Long,East,2081,Office-Light,Office,402,0,1251.88
1143,2024-06-29,2024,2,2024-06,1057,Kathy Hall,North,2009,Office-Raise,Office,402,3,52.81
1468,2024-06-29,2024,2,2024-06,1000,Robert Gomez,West,2097,Office-Recent,Office,404,3,3768.06
1475,2024-06-29,2024,2,2024-06,1079,Zachary Thompson MD,East,2021,Clothing-Skill,Clothing,401,1,1145.1
1518,2024-06-29,2024,2,2024-06,1058,Steven Jackson,Central,2099,Electronics-Several,Electronics,404,3,1302.93
2000,2024-06-29,2024,2,2024-06,1120,Daniel Meyer,South,2023,Home-Yeah,Home,404,3,2912.32
2060,2024-06-29,2024,2,2024-06,1116,Melissa Rivera,Central,2035,Home-According,Home,404,,4212.74
2331,2024-06-29,2024,2,2024-06,1152,Thomas Garcia,East,2073,Clothing-Executive,Clothing,404,2,348.07
2363,2024-06-29,2024,2,2024-06,1116,Melissa Rivera,Central,2061,Home-Quite,Home,402,1,742.38
1065,2024-06-30,2024,2,2024-06,1020,Michelle Brewer,East,2091,Office-Mrs,Office,402,,601.44
304,2024-07-02,2024,3,2024-07,1066,Derrick Myers,North,2023,Home-Yeah,Home,404,3,2112.29
1615,2024-07-02,2024,3,2024-07,1013,Alyssa Morgan,North,2099,Electronics-Several,Electronics,402,1,1901.38
59,2024-07-03,2024,3,2024-07,1160,Phillip Soto,West,2041,Home-Assume,Home,401,0,2427.7
245,2024-07-03,2024,3,2024-07,1063,Howard Case,South-West,2063,Home-Good,Home,402,1,1900.21
273,2024-07-03,2024,3,2024-07,1196,Dr. Elizabeth Johnston DDS,North,2097,Office-Recent,Office,403,2,2696.2
586,2024-07-03,2024,3,2024-07,1070,Brittany Johnson,East,2088,Office-Evening,Office,403,0,171.66
1956,2024-07-03,2024,3,2024-07,1130,Mary Sandoval,North,2014,Clothing-Eat,Clothing,403,3,1094.78
160,2024-07-04,2024,3,2024-07,1046,Tyler Colon,Central,2041,Home-Assume,Home,401,2,3211.8
460,2024-07-04,2024,3,2024-07,1118,Briana Alvarado,South,2018,Electronics-Nature,Electronics,402,2,1244.0
828,2024-07-04,2024,3,2024-07,1173,David King MD,North,2091,Office-Mrs,Office,403,0,2895.34
996,2024-07-04,2024,3,2024-07,1053,Benjamin Cline,East,2062,Office-Receive,Office,401,3,198.81
1621,2024-07-04,2024,3,2024-07,1116,Melissa Rivera,Central,2010,Electronics-Themselves,Electronics,402,,1513.16
1789,2024-07-04,2024,3,2024-07,1194,Casey Brown,Central,2073,Clothing-Executive,Clothing,403,0,754.35
2064,2024-07-04,2024,3,2024-07,1076,Glenn Shelton,East,2003,Electronics-Training,Electronics,402,2,750.23
2311,2024-07-04,2024,3,2024-07,1180,Jennifer Smith,South-West,2004,Office-Where,Office,403,0,1214.57
2347,2024-07-04,2024,3,2024-07,1139,Heather Olson,Central,2087,Electronics-Rather,Electronics,401,1,179.3
27,2024-07-05,2024,3,2024-07,1144,Brian Browning,East,2033,Clothing-Argue,Clothing,402,2,821.78
241,2024-07-05,2024,3,2024-07,1116,Melissa Rivera,Central,2040,Clothing-Determine,Clothing,403,0,72.26
807,2024-07-05,2024,3,2024-07,1131,Mark Gomez,West,2010,Electronics-Themselves,Electronics,403,0,752.46
1012,2024-07-05,2024,3,2024-07,1126,Lee Luna,East,2050,Electronics-Young,Electronics,403,3,1300.14
1202,2024-07-05,2024,3,2024-07,1104,David Herrera,West,2041,Home-Assume,Home,402,3,4783.31
1482,2024-07-05,2024,3,2024-07,1087,Carla Tran,East,2047,Clothing-Hair,Clothing,404,2,1118.45
1645,2024-07-05,2024,3,2024-07,1083,Jacqueline Bishop,South,2054,Electronics-Above,Electronics,404,2,4858.83
2102,2024-07-05,2024,3,2024-07,1071,Christopher Frost,East,2079,Office-Who,Office,402,2,4050.3
2148,2024-07-05,2024,3,2024-07,1114,Grace Price,South,2005,Office-Huge,Office,403,0,436.65
2291,2024-07-05,2024,3,2024-07,1134,Joseph Aguilar,West,2068,Home-Read,Home,404,2,839.0
124,2024-07-06,2024,3,2024-07,1116,Melissa Rivera,Central,2006,Office-Class,Office,401,3,911.99
1222,2024-07-06,2024,3,2024-07,1071,Christopher Frost,East,2038,Office-Soon,Office,401,0,913.15
1565,2024-07-06,2024,3,2024-07,1066,Derrick Myers,North,2035,Home-According,Home,404,0,4524.32
1720,2024-07-06,2024,3,2024-07,1005,Jessica Mora,South,2068,Home-Read,Home,403,0,1710.23
1724,2024-07-06,2024,3,2024-07,1023,Dustin Medina,East,2085,Electronics-Officer,Electronics,401,3,1201.34
2089,2024-07-06,2024,3,2024-07,1133,Victor Wagner,South-West,2019,Home-History,Home,401,1,4568.36
2322,2024-07-06,2024,3,2024-07,1001,John Silva,East,2054,Electronics-Above,Electronics,403,3,2328.58
546,2024-07-07,2024,3,2024-07,1095,Dr. Jason Scott,South,2038,Office-Soon,Office,402,1,1580.64
1359,2024-07-07,2024,3,2024-07,1034,Heather Smith,Central,2043,Electronics-Practice,Electronics,401,3,695.26
1367,2024-07-07,2024,3,2024-07,1092,Timothy Hill,West,2077,Office-Ball,Office,401,2,1497.28
867,2024-07-08,2024,3,2024-07,1183,Kenneth Graves,East,2054,Electronics-Above,Electronics,404,1,3496.7
1687,2024-07-08,2024,3,2024-07,1005,Jessica Mora,South,2023,Home-Yeah,Home,401,0,3753.5
1926,2024-07-08,2024,3,2024-07,1124,Megan Novak,East,2036,Electronics-Candidate,Electronics,401,1,639.09
2057,2024-07-08,2024,3,2024-07,1008,William Ramirez,East,2021,Clothing-Skill,Clothing,402,1,792.32
118,2024-07-09,2024,3,2024-07,1005,Jessica Mora,South,2054,Electronics-Above,Electronics,402,2,2348.64
123,2024-07-09,2024,3,2024-07,1096,Patricia Rogers,South,2043,Electronics-Practice,Electronics,402,2,1156.81
331,2024-07-09,2024,3,2024-07,1047,Ashley Pearson,West,2048,Electronics-Candidate,Electronics,403,0,956.86
584,2024-07-09,2024,3,2024-07,1168,Denise Gonzales,South,2027,Home-Purpose,Home,401,0,1229.14
653,2024-07-09,2024,3,2024-07,1071,Christopher Frost,East,2044,Office-Society,Office,403,1,183.26
956,2024-07-09,2024,3,2024-07,1032,Terri Long,East,2051,Home-Century,Home,401,1,1953.18
2,2024-07-10,2024,3,2024-07,1034,Heather Smith,Central,2091,Office-Mrs,Office,404,2,529.24
327,2024-07-10,2024,3,2024-07,1157,Cheryl Wu,West,2090,Office-Staff,Office,401,1,896.69
477,2024-07-10,2024,3,2024-07,1053,Benjamin Cline,East,2087,Electronics-Rather,Electronics,403,1,132.26
1872,2024-07-10,2024,3,2024-07,1071,Christopher Frost,East,2029,Home-Yourself,Home,403,2,34.67
487,2024-07-11,2024,3,2024-07,1011,Amanda Myers,West,2016,Home-He,Home,402,1,423.65
1261,2024-07-11,2024,3,2024-07,1146,Jonathan Andrade,South-West,2035,Home-According,Home,402,1,869.85
1262,2024-07-11,2024,3,2024-07,1157,Cheryl Wu,West,2035,Home-According,Home,403,2,4882.81
1814,2024-07-11,2024,3,2024-07,1004,Kerry Collins,North,2041,Home-Assume,Home,404,0,1297.16
2045,2024-07-11,2024,3,2024-07,1154,Edward Castillo,North,2019,Home-History,Home,403,3,1338.3
2269,2024-07-11,2024,3,2024-07,1141,David Palmer,North,2009,Office-Raise,Office,403,3,102.14
21,2024-07-12,2024,3,2024-07,1086,Robert Rodriguez,East,2013,Office-Cultural,Office,402,3,1325.7
178,2024-07-12,2024,3,2024-07,1098,Jeffrey Maxwell,West,2053,Home-Ground,Home,402,1,1870.82
749,2024-07-12,2024,3,2024-07,1105,Taylor Clarke,Central,2013,Office-Cultural,Office,404,3,851.33
1031,2024-07-12,2024,3,2024-07,1085,Steven Wright,Central,2094,Office-Fight,Office,403,2,544.4
1041,2024-07-12,2024,3,2024-07,1077,Amy Espinoza,North,2022,Home-Economy,Home,404,2,321.39
1108,2024-07-12,2024,3,2024-07,1030,Alice Robinson,East,2091,Office-Mrs,Office,404,1,4629.62
1218,2024-07-12,2024,3,2024-07,1017,Brittney Burnett,North,2097,Office-Recent,Office,401,0,2853.27
1312,2024-07-12,2024,3,2024-07,1116,Melissa Rivera,Central,2043,Electronics-Practice,Electronics,404,3,1890.82
1954,2024-07-12,2024,3,2024-07,1066,Derrick Myers,North,2097,Office-Recent,Office,401,,4332.5
283,2024-07-13,2024,3,2024-07,1150,Bobby Hunter,North,2044,Office-Society,Office,404,1,1307.01
589,2024-07-13,2024,3,2024-07,1020,Michelle Brewer,East,2002,Office-Family,Office,404,0,1345.98
798,2024-07-13,2024,3,2024-07,1035,Lorraine Rodriguez,East,2014,Clothing-Eat,Clothing,403,2,770.8
1282,2024-07-13,2024,3,2024-07,1062,Ashley Harmon,South,2028,Electronics-Take,Electronics,404,0,1661.21
1600,2024-07-13,2024,3,2024-07,1176,Ashley Williams,East,2077,Office-Ball,Office,401,0,607.24
2249,2024-07-13,2024,3,2024-07,1146,Jonathan Andrade,South-West,2046,Clothing-Worry,Clothing,402,2,10.94
824,2024-07-14,2024,3,2024-07,1083,Jacqueline Bishop,South,2021,Clothing-Skill,Clothing,403,0,192.73
1078,2024-07-14,2024,3,2024-07,1105,Taylor Clarke,Central,2079,Office-Who,Office,404,1,4286.41
1199,2024-07-15,2024,3,2024-07,1162,Deborah Rice,East,2040,Clothing-Determine,Clothing,404,3,74.95
1449,2024-07-15,2024,3,2024-07,1032,Terri Long,East,2095,Home-Seem,Home,404,0,708.33
1651,2024-07-15,2024,3,2024-07,1051,Amy Nguyen,Central,2023,Home-Yeah,Home,403,1,2641.35
2010,2024-07-15,2024,3,2024-07,1122,Christopher Martinez,East,2041,Home-Assume,Home,404,3,2205.05
2123,2024-07-15,2024,3,2024-07,1019,Michelle Torres,Central,2040,Clothing-Determine,Clothing,402,,137.62
2326,2024-07-15,2024,3,2024-07,1020,Michelle Brewer,East,2033,Clothing-Argue,Clothing,401,3,59.63
429,2024-07-16,2024,3,2024-07,1005,Jessica Mora,South,2077,Office-Ball,Office,401,0,1086.29
1030,2024-07-16,2024,3,2024-07,1145,Stephanie Powell,East,2037,Clothing-Meeting,Clothing,402,1,1561.75
1448,2024-07-16,2024,3,2024-07,1080,Thomas Parker,South-West,2023,Home-Yeah,Home,401,0,816.26
1497,2024-07-16,2024,3,2024-07,1038,Jason Ford,East,2036,Electronics-Candidate,Electronics,403,1,898.9
1557,2024-07-16,2024,3,2024-07,1116,Melissa Rivera,Central,2097,Office-Recent,Office,403,1,3174.21
1704,2024-07-16,2024,3,2024-07,1015,Jennifer Rodgers,North,2025,Electronics-Assume,Electronics,401,0,950.8
189,2024-07-17,2024,3,2024-07,1089,Matthew Hernandez,North,2052,Office-Year,Office,402,3,1484.88
508,2024-07-17,2024,3,2024-07,1005,Jessica Mora,South,2070,Clothing-About,Clothing,402,2,97.23
870,2024-07-17,2024,3,2024-07,1151,Sabrina Lester,West,2095,Home-Seem,Home,401,1,1910.43
1015,2024-07-17,2024,3,2024-07,1019,Michelle Torres,Central,2039,Clothing-Need,Clothing,404,1,3125.54
2270,2024-07-17,2024,3,2024-07,1008,William Ramirez,East,2091,Office-Mrs,Office,402,2,4572.43
84,2024-07-18,2024,3,2024-07,1165,Richard Burnett,Central,2063,Home-Good,Home,403,2,990.87
479,2024-07-18,2024,3,2024-07,1083,Jacqueline Bishop,South,2041,Home-Assume,Home,401,1,688.97
651,2024-07-18,2024,3,2024-07,1032,Terri Long,East,2005,Office-Huge,Office,402,0,1821.63
984,2024-07-18,2024,3,2024-07,1005,Jessica Mora,South,2070,Clothing-About,Clothing,402,3,102.34
1092,2024-07-18,2024,3,2024-07,1071,Christopher Frost,East,2040,Clothing-Determine,Clothing,404,,49.63
1279,2024-07-18,2024,3,2024-07,1149,Jordan Elliott,North,2091,Office-Mrs,Office,403,0,3792.92
1535,2024-07-18,2024,3,2024-07,1071,Christopher Frost,East,2089,Electronics-Action,Electronics,401,2,331.55
1961,2024-07-18,2024,3,2024-07,1005,Jessica Mora,South,2022,Home-Economy,Home,401,0,174.73
40,2024-07-19,2024,3,2024-07,1048,Dr. Donald Proctor,North,2079,Office-Who,Office,401,1,814.88
102,2024-07-19,2024,3,2024-07,1036,Robert Bishop,South-West,2028,Electronics-Take,Electronics,404,2,819.42
248,2024-07-19,2024,3,2024-07,1151,Sabrina Lester,West,2023,Home-Yeah,Home,401,3,1443.42
528,2024-07-19,2024,3,2024-07,1092,Timothy Hill,West,2079,Office-Who,Office,402,3,1268.98
725,2024-07-19,2024,3,2024-07,1189,Jennifer Farrell,North,2062,Office-Receive,Office,404,,523.13
1521,2024-07-19,2024,3,2024-07,1032,Terri Long,East,2070,Clothing-About,Clothing,403,0,99.33
1598,2024-07-19,2024,3,2024-07,1141,David Palmer,North,2097,Office-Recent,Office,404,2,2645.99
67,2024-07-20,2024,3,2024-07,1066,Derrick Myers,North,2097,Office-Recent,Office,402,3,3153.14
356,2024-07-20,2024,3,2024-07,1135,Christopher Chen,South,2013,Office-Cultural,Office,402,1,4942.36
596,2024-07-20,2024,3,2024-07,1170,Eric Davis,North,2086,Home-Of,Home,402,1,121.91
736,2024-07-20,2024,3,2024-07,1089,Matthew Hernandez,North,2041,Home-Assume,Home,404,3,946.82
929,2024-07-20,2024,3,2024-07,1071,Christopher Frost,East,2023,Home-Yeah,Home,403,2,731.84
1016,2024-07-20,2024,3,2024-07,1037,Lisa Sanders,West,2052,Office-Year,Office,404,1,1339.47
1054,2024-07-20,2024,3,2024-07,1148,Dean Allison,West,2070,Clothing-About,Clothing,404,,144.79
1305,2024-07-20,2024,3,2024-07,1005,Jessica Mora,South,2087,Electronics-Rather,Electronics,404,3,320.09
1382,2024-07-20,2024,3,2024-07,1188,Ashley Todd,North,2067,Clothing-Remain,Clothing,403,3,1646.24
1885,2024-07-20,2024,3,2024-07,1040,Angel Lee,Central,2025,Electronics-Assume,Electronics,404,,293.13
2227,2024-07-20,2024,3,2024-07,1116,Melissa Rivera,Central,2053,Home-Ground,Home,402,2,475.77
2283,2024-07-20,2024,3,2024-07,1099,Lori Howard,East,2040,Clothing-Determine,Clothing,402,2,65.74
476,2024-07-21,2024,3,2024-07,1063,Howard Case,South-West,2056,Office-About,Office,402,0,1483.88
1498,2024-07-21,2024,3,2024-07,1171,Ronald Marquez,South-West,2075,Electronics-Letter,Electronics,403,1,1329.55
1513,2024-07-21,2024,3,2024-07,1061,Taylor Kaufman,North,2041,Home-Assume,Home,402,3,2752.08
1573,2024-07-21,2024,3,2024-07,1135,Christopher Chen,South,2097,Office-Recent,Office,401,2,3397.0
2025,2024-07-21,2024,3,2024-07,1066,Derrick Myers,North,2097,Office-Recent,Office,402,3,3408.43
147,2024-07-22,2024,3,2024-07,1116,Melissa Rivera,Central,2097,Office-Recent,Office,402,0,1499.17
858,2024-07-22,2024,3,2024-07,1034,Heather Smith,Central,2061,Home-Quite,Home,404,0,568.86
1446,2024-07-22,2024,3,2024-07,1140,Carla Flores,East,2000,Electronics-Signal,Electronics,401,2,936.78
2302,2024-07-22,2024,3,2024-07,1005,Jessica Mora,South,2031,Office-Develop,Office,402,1,893.37
630,2024-07-23,2024,3,2024-07,1047,Ashley Pearson,West,2013,Office-Cultural,Office,403,1,2929.4
1470,2024-07-23,2024,3,2024-07,1066,Derrick Myers,North,2047,Clothing-Hair,Clothing,403,3,634.06
1530,2024-07-23,2024,3,2024-07,1174,Deborah Saunders,West,2052,Office-Year,Office,401,2,1473.21
1788,2024-07-23,2024,3,2024-07,1033,Paul Perkins,East,2089,Electronics-Action,Electronics,403,1,640.32
1794,2024-07-23,2024,3,2024-07,1036,Robert Bishop,South-West,2054,Electronics-Above,Electronics,404,0,724.01
2095,2024-07-23,2024,3,2024-07,1046,Tyler Colon,Central,2000,Electronics-Signal,Electronics,404,3,1867.17
650,2024-07-24,2024,3,2024-07,1176,Ashley Williams,East,2023,Home-Yeah,Home,402,0,3933.61
946,2024-07-24,2024,3,2024-07,1090,Nicholas Dunlap,South,2046,Clothing-Worry,Clothing,404,3,99.12
1915,2024-07-24,2024,3,2024-07,1185,Cameron Levine,East,2073,Clothing-Executive,Clothing,403,1,65.55
1975,2024-07-24,2024,3,2024-07,1104,David Herrera,West,2097,Office-Recent,Office,401,3,2899.58
2046,2024-07-24,2024,3,2024-07,1020,Michelle Brewer,East,2005,Office-Huge,Office,403,,1731.6
455,2024-07-25,2024,3,2024-07,1058,Steven Jackson,Central,2092,Electronics-Add,Electronics,403,3,432.32
1344,2024-07-25,2024,3,2024-07,1080,Thomas Parker,South-West,2097,Office-Recent,Office,401,0,539.01
1473,2024-07-25,2024,3,2024-07,1062,Ashley Harmon,South,2081,Office-Light,Office,401,0,1823.31
1847,2024-07-25,2024,3,2024-07,1089,Matthew Hernandez,North,2052,Office-Year,Office,403,0,1658.51
2187,2024-07-25,2024,3,2024-07,1181,Tiffany Smith,East,2045,Office-Next,Office,401,,952.91
2277,2024-07-25,2024,3,2024-07,1164,William Ramsey,North,2079,Office-Who,Office,403,0,1473.6
277,2024-07-26,2024,3,2024-07,1040,Angel Lee,Central,2035,Home-According,Home,401,2,3490.29
362,2024-07-26,2024,3,2024-07,1125,Debbie Andrews,West,2024,Clothing-Paper,Clothing,402,3,487.43
519,2024-07-26,2024,3,2024-07,1020,Michelle Brewer,East,2078,Electronics-Film,Electronics,402,1,750.56
663,2024-07-26,2024,3,2024-07,1034,Heather Smith,Central,2063,Home-Good,Home,401,3,687.56
856,2024-07-26,2024,3,2024-07,1128,Vincent Day,North,2057,Clothing-Identify,Clothing,402,0,1627.9
1302,2024-07-26,2024,3,2024-07,1169,Michael Edwards,South-West,2068,Home-Read,Home,403,3,1102.24
1480,2024-07-26,2024,3,2024-07,1049,Rebecca Jordan,West,2019,Home-History,Home,404,2,1447.77
1554,2024-07-26,2024,3,2024-07,1169,Michael Edwards,South-West,2079,Office-Who,Office,402,,3758.28
1804,2024-07-26,2024,3,2024-07,1120,Daniel Meyer,South,2052,Office-Year,Office,401,1,444.26
1901,2024-07-26,2024,3,2024-07,1172,Eric Barr,East,2058,Home-Wear,Home,403,3,869.7
436,2024-07-27,2024,3,2024-07,1030,Alice Robinson,East,2057,Clothing-Identify,Clothing,402,3,1611.66
469,2024-07-27,2024,3,2024-07,1136,Scott Hernandez,South,2091,Office-Mrs,Office,404,3,3186.52
504,2024-07-27,2024,3,2024-07,1124,Megan Novak,East,2073,Clothing-Executive,Clothing,402,1,569.2
640,2024-07-27,2024,3,2024-07,1005,Jessica Mora,South,2091,Office-Mrs,Office,401,2,1867.61
826,2024-07-27,2024,3,2024-07,1118,Briana Alvarado,South,2008,Electronics-Skin,Electronics,401,1,903.56
947,2024-07-27,2024,3,2024-07,1062,Ashley Harmon,South,2070,Clothing-About,Clothing,404,3,125.0
1411,2024-07-27,2024,3,2024-07,1165,Richard Burnett,Central,2096,Office-Discuss,Office,402,2,1726.44
1733,2024-07-27,2024,3,2024-07,1122,Christopher Martinez,East,2097,Office-Recent,Office,404,0,3304.58
1773,2024-07-27,2024,3,2024-07,1009,Zachary Bell Jr.,East,2093,Home-Real,Home,404,1,1813.89
1929,2024-07-27,2024,3,2024-07,1005,Jessica Mora,South,2013,Office-Cultural,Office,402,0,1487.57
2394,2024-07-27,2024,3,2024-07,1024,Andres Avila,Central,2023,Home-Yeah,Home,401,3,1917.67
415,2024-07-28,2024,3,2024-07,1067,Lawrence Pearson,East,2080,Office-Doctor,Office,401,0,1281.67
814,2024-07-28,2024,3,2024-07,1084,Martha Mccall,North,2077,Office-Ball,Office,404,1,174.23
862,2024-07-28,2024,3,2024-07,1135,Christopher Chen,South,2035,Home-According,Home,403,3,3471.03
1370,2024-07-28,2024,3,2024-07,1161,David Ellis,East,2054,Electronics-Above,Electronics,401,1,4757.19
139,2024-07-29,2024,3,2024-07,1167,Terry Frederick,North,2050,Electronics-Young,Electronics,402,0,784.52
255,2024-07-29,2024,3,2024-07,1116,Melissa Rivera,Central,2066,Office-Occur,Office,404,0,1408.69
319,2024-07-29,2024,3,2024-07,1089,Matthew Hernandez,North,2047,Clothing-Hair,Clothing,404,2,316.08
597,2024-07-29,2024,3,2024-07,1120,Daniel Meyer,South,2079,Office-Who,Office,401,1,3346.98
1386,2024-07-29,2024,3,2024-07,1096,Patricia Rogers,South,2080,Office-Doctor,Office,404,3,1245.51
1583,2024-07-29,2024,3,2024-07,1066,Derrick Myers,North,2058,Home-Wear,Home,404,0,1232.59
1624,2024-07-29,2024,3,2024-07,1130,Mary Sandoval,North,2019,Home-History,Home,404,0,1422.01
1835,2024-07-29,2024,3,2024-07,1133,Victor Wagner,South-West,2041,Home-Assume,Home,404,0,1067.37
1943,2024-07-29,2024,3,2024-07,1099,Lori Howard,East,2031,Office-Develop,Office,402,1,753.4
2080,2024-07-29,2024,3,2024-07,1079,Zachary Thompson MD,East,2013,Office-Cultural,Office,402,0,1415.54
2317,2024-07-29,2024,3,2024-07,1052,Brandon Hinton,South-West,2082,Office-Figure,Office,404,,1946.44
2384,2024-07-29,2024,3,2024-07,1137,Jessica Harmon,South-West,2013,Office-Cultural,Office,403,1,797.47
2396,2024-07-29,2024,3,2024-07,1116,Melissa Rivera,Central,2013,Office-Cultural,Office,403,1,1292.45
1479,2024-07-30,2024,3,2024-07,1050,Jeffrey Mclaughlin,East,2079,Office-Who,Office,403,0,554.52
184,2024-07-31,2024,3,2024-07,1102,Robert Hansen,Central,2005,Office-Huge,Office,401,2,1062.7
237,2024-07-31,2024,3,2024-07,1101,Ryan Martin,South-West,2038,Office-Soon,Office,402,3,1104.1
518,2024-07-31,2024,3,2024-07,1089,Matthew Hernandez,North,2052,Office-Year,Office,404,2,416.47
577,2024-07-31,2024,3,2024-07,1039,Brandy Good,West,2096,Office-Discuss,Office,404,1,1465.7
1888,2024-07-31,2024,3,2024-07,1055,William Benitez,East,2019,Home-History,Home,402,0,3894.72
2050,2024-07-31,2024,3,2024-07,1139,Heather Olson,Central,2003,Electronics-Training,Electronics,404,3,1737.82
2344,2024-07-31,2024,3,2024-07,1030,Alice Robinson,East,2064,Electronics-Stop,Electronics,401,1,1374.65
678,2024-08-01,2024,3,2024-08,1020,Michelle Brewer,East,2052,Office-Year,Office,403,0,1699.64
1384,2024-08-01,2024,3,2024-08,1142,Marvin Hamilton,North,2091,Office-Mrs,Office,403,2,1390.01
2143,2024-08-01,2024,3,2024-08,1066,Derrick Myers,North,2047,Clothing-Hair,Clothing,404,0,257.89
185,2024-08-02,2024,3,2024-08,1035,Lorraine Rodriguez,East,2070,Clothing-About,Clothing,403,2,81.02
369,2024-08-02,2024,3,2024-08,1066,Derrick Myers,North,2012,Clothing-Artist,Clothing,403,3,627.24
474,2024-08-02,2024,3,2024-08,1087,Carla Tran,East,2063,Home-Good,Home,403,0,1694.92
757,2024-08-02,2024,3,2024-08,1022,Austin Gutierrez,East,2085,Electronics-Officer,Electronics,404,3,139.35
801,2024-08-02,2024,3,2024-08,1020,Michelle Brewer,East,2065,Office-Animal,Office,404,0,1592.44
838,2024-08-02,2024,3,2024-08,1034,Heather Smith,Central,2039,Clothing-Need,Clothing,404,2,1928.92
953,2024-08-02,2024,3,2024-08,1116,Melissa Rivera,Central,2089,Electronics-Action,Electronics,403,2,1307.45
1832,2024-08-02,2024,3,2024-08,1022,Austin Gutierrez,East,2056,Office-About,Office,402,0,1372.76
2350,2024-08-02,2024,3,2024-08,1174,Deborah Saunders,West,2019,Home-History,Home,401,2,2962.32
57,2024-08-03,2024,3,2024-08,1066,Derrick Myers,North,2027,Home-Purpose,Home,404,2,1234.13
132,2024-08-03,2024,3,2024-08,1019,Michelle Torres,Central,2091,Office-Mrs,Office,404,3,4469.22
875,2024-08-03,2024,3,2024-08,1187,Kayla Solomon,North,2028,Electronics-Take,Electronics,401,1,1468.42
1272,2024-08-03,2024,3,2024-08,1156,Dennis Acevedo,East,2025,Electronics-Assume,Electronics,403,,831.7
1390,2024-08-03,2024,3,2024-08,1053,Benjamin Cline,East,2014,Clothing-Eat,Clothing,403,0,1137.48
1937,2024-08-03,2024,3,2024-08,1161,David Ellis,East,2097,Office-Recent,Office,401,2,4111.99
1950,2024-08-03,2024,3,2024-08,1102,Robert Hansen,Central,2009,Office-Raise,Office,402,1,61.64
2242,2024-08-03,2024,3,2024-08,1034,Heather Smith,Central,2019,Home-History,Home,403,3,1160.57
1342,2024-08-04,2024,3,2024-08,1132,Scott Winters,West,2056,Office-About,Office,401,3,386.06
1438,2024-08-04,2024,3,2024-08,1073,Matthew Clark,Central,2009,Office-Raise,Office,404,3,21.88
320,2024-08-05,2024,3,2024-08,1163,Elizabeth Vaughn,West,2083,Clothing-Cut,Clothing,403,2,1198.45
559,2024-08-05,2024,3,2024-08,1016,Andrea Roberts,East,2070,Clothing-About,Clothing,404,3,57.91
733,2024-08-05,2024,3,2024-08,1128,Vincent Day,North,2019,Home-History,Home,403,1,1508.43
1817,2024-08-05,2024,3,2024-08,1179,Desiree Miller,East,2010,Electronics-Themselves,Electronics,403,1,1864.48
2279,2024-08-05,2024,3,2024-08,1032,Terri Long,East,2072,Electronics-Become,Electronics,404,2,268.62
396,2024-08-06,2024,3,2024-08,1001,John Silva,East,2029,Home-Yourself,Home,401,2,118.31
729,2024-08-06,2024,3,2024-08,1120,Daniel Meyer,South,2029,Home-Yourself,Home,402,2,129.48
745,2024-08-06,2024,3,2024-08,1020,Michelle Brewer,East,2041,Home-Assume,Home,404,0,4287.13
631,2024-08-07,2024,3,2024-08,1006,Hannah Ray,West,2063,Home-Good,Home,402,2,1941.79
967,2024-08-07,2024,3,2024-08,1093,Christian Medina,East,2009,Office-Raise,Office,402,3,76.26
1967,2024-08-07,2024,3,2024-08,1157,Cheryl Wu,West,2039,Clothing-Need,Clothing,401,,3638.78
2011,2024-08-07,2024,3,2024-08,1150,Bobby Hunter,North,2039,Clothing-Need,Clothing,402,3,3220.71
2107,2024-08-07,2024,3,2024-08,1051,Amy Nguyen,Central,2091,Office-Mrs,Office,401,2,559.43
2181,2024-08-07,2024,3,2024-08,1022,Austin Gutierrez,East,2039,Clothing-Need,Clothing,402,0,3448.06
2218,2024-08-07,2024,3,2024-08,1059,Steve Massey,West,2065,Office-Animal,Office,403,1,1409.88
282,2024-08-08,2024,3,2024-08,1054,Laura Mcdonald,South,2019,Home-History,Home,404,3,890.1
601,2024-08-08,2024,3,2024-08,1034,Heather Smith,Central,2039,Clothing-Need,Clothing,404,0,863.25
1453,2024-08-08,2024,3,2024-08,1071,Christopher Frost,East,2013,Office-Cultural,Office,402,3,3198.72
1489,2024-08-08,2024,3,2024-08,1089,Matthew Hernandez,North,2010,Electronics-Themselves,Electronics,401,0,885.66
1564,2024-08-08,2024,3,2024-08,1086,Robert Rodriguez,East,2013,Office-Cultural,Office,401,0,3753.91
1968,2024-08-08,2024,3,2024-08,1111,Ronald Chavez,South-West,2029,Home-Yourself,Home,402,1,80.22
2144,2024-08-08,2024,3,2024-08,1040,Angel Lee,Central,2069,Clothing-Garden,Clothing,403,2,838.09
76,2024-08-09,2024,3,2024-08,1191,Kyle Smith Jr.,South,2036,Electronics-Candidate,Electronics,404,2,1888.22
413,2024-08-09,2024,3,2024-08,1056,Kristina Wilson,East,2082,Office-Figure,Office,404,2,1479.3
574,2024-08-09,2024,3,2024-08,1020,Michelle Brewer,East,2079,Office-Who,Office,401,0,845.88
578,2024-08-09,2024,3,2024-08,1088,Lindsay Torres,East,2041,Home-Assume,Home,401,,2643.04
646,2024-08-09,2024,3,2024-08,1080,Thomas Parker,South-West,2087,Electronics-Rather,Electronics,403,2,1181.09
696,2024-08-09,2024,3,2024-08,1109,Aaron Garcia,East,2019,Home-History,Home,401,1,1028.08
708,2024-08-09,2024,3,2024-08,1069,Virginia Warren,North,2084,Office-Stuff,Office,402,0,1163.04
762,2024-08-09,2024,3,2024-08,1020,Michelle Brewer,East,2019,Home-History,Home,403,1,4825.06
1138,2024-08-09,2024,3,2024-08,1029,Gina Powers,West,2079,Office-Who,Office,404,3,4433.97
1170,2024-08-09,2024,3,2024-08,1152,Thomas Garcia,East,2067,Clothing-Remain,Clothing,402,1,699.64
2159,2024-08-09,2024,3,2024-08,1010,Mike Davis,East,2054,Electronics-Above,Electronics,403,0,4481.31
2340,2024-08-09,2024,3,2024-08,1007,David Kim,West,2046,Clothing-Worry,Clothing,404,2,68.8
94,2024-08-10,2024,3,2024-08,1005,Jessica Mora,South,2030,Clothing-First,Clothing,404,1,1293.91
188,2024-08-10,2024,3,2024-08,1158,Kelly Gallagher,East,2048,Electronics-Candidate,Electronics,402,1,1899.0
261,2024-08-10,2024,3,2024-08,1076,Glenn Shelton,East,2075,Electronics-Letter,Electronics,401,2,645.49
330,2024-08-10,2024,3,2024-08,1020,Michelle Brewer,East,2014,Clothing-Eat,Clothing,403,3,1339.03
671,2024-08-10,2024,3,2024-08,1009,Zachary Bell Jr.,East,2054,Electronics-Above,Electronics,404,3,4935.94
1646,2024-08-10,2024,3,2024-08,1056,Kristina Wilson,East,2028,Electronics-Take,Electronics,403,2,1727.88
2002,2024-08-10,2024,3,2024-08,1035,Lorraine Rodriguez,East,2040,Clothing-Determine,Clothing,401,2,96.09
2134,2024-08-10,2024,3,2024-08,1192,Gregory Medina,East,2067,Clothing-Remain,Clothing,404,3,1056.58
2157,2024-08-10,2024,3,2024-08,1116,Melissa Rivera,Central,2047,Clothing-Hair,Clothing,403,1,595.01
2241,2024-08-10,2024,3,2024-08,1064,Joshua Cline,East,2031,Office-Develop,Office,401,1,1219.01
2356,2024-08-10,2024,3,2024-08,1055,William Benitez,East,2054,Electronics-Above,Electronics,403,2,4572.81
797,2024-08-11,2024,3,2024-08,1184,Brittney Chen,East,2097,Office-Recent,Office,402,0,1678.05
842,2024-08-11,2024,3,2024-08,1052,Brandon Hinton,South-West,2019,Home-History,Home,404,2,1388.91
1256,2024-08-11,2024,3,2024-08,1038,Jason Ford,East,2085,Electronics-Officer,Electronics,402,0,108.46
156,2024-08-12,2024,3,2024-08,1118,Briana Alvarado,South,2061,Home-Quite,Home,402,0,1890.03
321,2024-08-12,2024,3,2024-08,1176,Ashley Williams,East,2023,Home-Yeah,Home,401,3,3968.74
1224,2024-08-12,2024,3,2024-08,1131,Mark Gomez,West,2041,Home-Assume,Home,403,1,3550.29
1753,2024-08-12,2024,3,2024-08,1195,Michael Lee,South-West,2054,Electronics-Above,Electronics,404,3,1104.51
467,2024-08-13,2024,3,2024-08,1161,David Ellis,East,2072,Electronics-Become,Electronics,404,2,989.22
534,2024-08-13,2024,3,2024-08,1156,Dennis Acevedo,East,2089,Electronics-Action,Electronics,402,2,231.6
1117,2024-08-13,2024,3,2024-08,1067,Lawrence Pearson,East,2080,Office-Doctor,Office,402,3,1910.95
1816,2024-08-13,2024,3,2024-08,1066,Derrick Myers,North,2023,Home-Yeah,Home,404,2,767.84
2092,2024-08-13,2024,3,2024-08,1032,Terri Long,East,2028,Electronics-Take,Electronics,403,0,221.82
493,2024-08-14,2024,3,2024-08,1086,Robert Rodriguez,East,2068,Home-Read,Home,404,2,1993.86
624,2024-08-14,2024,3,2024-08,1019,Michelle Torres,Central,2041,Home-Assume,Home,401,3,1419.15
699,2024-08-14,2024,3,2024-08,1007,David Kim,West,2041,Home-Assume,Home,402,1,3579.2
760,2024-08-14,2024,3,2024-08,1071,Christopher Frost,East,2039,Clothing-Need,Clothing,404,2,702.43
1465,2024-08-14,2024,3,2024-08,1047,Ashley Pearson,West,2013,Office-Cultural,Office,403,2,593.23
2063,2024-08-14,2024,3,2024-08,1053,Benjamin Cline,East,2053,Home-Ground,Home,403,1,967.13
2192,2024-08-14,2024,3,2024-08,1071,Christopher Frost,East,2008,Electronics-Skin,Electronics,404,2,1123.43
143,2024-08-15,2024,3,2024-08,1159,Kelli Smith,North,2021,Clothing-Skill,Clothing,404,,1453.19
374,2024-08-15,2024,3,2024-08,1091,Brianna Thomas,South-West,2087,Electronics-Rather,Electronics,402,3,852.0
472,2024-08-15,2024,3,2024-08,1163,Elizabeth Vaughn,West,2057,Clothing-Identify,Clothing,403,3,87.82
763,2024-08-15,2024,3,2024-08,1076,Glenn Shelton,East,2040,Clothing-Determine,Clothing,402,2,141.82
943,2024-08-15,2024,3,2024-08,1170,Eric Davis,North,2079,Office-Who,Office,403,0,2746.63
1601,2024-08-15,2024,3,2024-08,1032,Terri Long,East,2074,Clothing-Strong,Clothing,402,3,1166.79
203,2024-08-16,2024,3,2024-08,1089,Matthew Hernandez,North,2000,Electronics-Signal,Electronics,403,3,1910.37
262,2024-08-16,2024,3,2024-08,1130,Mary Sandoval,North,2076,Clothing-Affect,Clothing,402,3,1289.23
822,2024-08-16,2024,3,2024-08,1100,Michael Simon,East,2005,Office-Huge,Office,402,1,1274.76
1051,2024-08-16,2024,3,2024-08,1020,Michelle Brewer,East,2087,Electronics-Rather,Electronics,404,0,1290.58
1052,2024-08-16,2024,3,2024-08,1168,Denise Gonzales,South,2097,Office-Recent,Office,402,2,950.09
1791,2024-08-16,2024,3,2024-08,1116,Melissa Rivera,Central,2039,Clothing-Need,Clothing,404,3,1232.23
1878,2024-08-16,2024,3,2024-08,1049,Rebecca Jordan,West,2013,Office-Cultural,Office,403,0,1479.28
2149,2024-08-16,2024,3,2024-08,1046,Tyler Colon,Central,2041,Home-Assume,Home,404,0,2482.56
2254,2024-08-16,2024,3,2024-08,1079,Zachary Thompson MD,East,2091,Office-Mrs,Office,403,0,2720.22
2393,2024-08-16,2024,3,2024-08,1005,Jessica Mora,South,2082,Office-Figure,Office,403,0,1835.25
285,2024-08-17,2024,3,2024-08,1165,Richard Burnett,Central,2035,Home-According,Home,404,1,3172.68
1167,2024-08-17,2024,3,2024-08,1041,David Beltran,East,2023,Home-Yeah,Home,401,3,3625.24
1626,2024-08-17,2024,3,2024-08,1116,Melissa Rivera,Central,2062,Office-Receive,Office,402,1,1864.64
2266,2024-08-17,2024,3,2024-08,1076,Glenn Shelton,East,2013,Office-Cultural,Office,401,3,2775.15
158,2024-08-18,2024,3,2024-08,1199,James Cooley,West,2054,Electronics-Above,Electronics,403,2,2300.1
384,2024-08-18,2024,3,2024-08,1193,Nancy King,South,2081,Office-Light,Office,401,3,1199.17
857,2024-08-18,2024,3,2024-08,1104,David Herrera,West,2079,Office-Who,Office,401,1,885.68
1923,2024-08-18,2024,3,2024-08,1171,Ronald Marquez,South-West,2004,Office-Where,Office,402,3,566.99
201,2024-08-19,2024,3,2024-08,1116,Melissa Rivera,Central,2082,Office-Figure,Office,403,0,1592.0
521,2024-08-19,2024,3,2024-08,1034,Heather Smith,Central,2052,Office-Year,Office,402,1,178.97
990,2024-08-19,2024,3,2024-08,1013,Alyssa Morgan,North,2073,Clothing-Executive,Clothing,404,3,388.75
1296,2024-08-19,2024,3,2024-08,1005,Jessica Mora,South,2049,Office-Easy,Office,403,2,563.94
2258,2024-08-19,2024,3,2024-08,1154,Edward Castillo,North,2071,Clothing-Success,Clothing,403,2,1496.88
635,2024-08-20,2024,3,2024-08,1032,Terri Long,East,2011,Electronics-Religious,Electronics,404,2,1047.53
1464,2024-08-20,2024,3,2024-08,1017,Brittney Burnett,North,2034,Clothing-Feel,Clothing,402,3,769.41
1945,2024-08-20,2024,3,2024-08,1177,Katherine West,East,2025,Electronics-Assume,Electronics,402,2,1760.56
1431,2024-08-21,2024,3,2024-08,1139,Heather Olson,Central,2033,Clothing-Argue,Clothing,404,,411.74
1546,2024-08-21,2024,3,2024-08,1034,Heather Smith,Central,2045,Office-Next,Office,404,2,890.11
14,2024-08-22,2024,3,2024-08,1041,David Beltran,East,2099,Electronics-Several,Electronics,401,3,1861.74
676,2024-08-22,2024,3,2024-08,1159,Kelli Smith,North,2085,Electronics-Officer,Electronics,402,1,465.26
1233,2024-08-22,2024,3,2024-08,1032,Terri Long,East,2013,Office-Cultural,Office,401,2,4736.72
1239,2024-08-22,2024,3,2024-08,1066,Derrick Myers,North,2013,Office-Cultural,Office,402,3,4127.29
1519,2024-08-22,2024,3,2024-08,1032,Terri Long,East,2039,Clothing-Need,Clothing,403,,2176.42
1584,2024-08-22,2024,3,2024-08,1161,David Ellis,East,2063,Home-Good,Home,402,2,126.46
1964,2024-08-22,2024,3,2024-08,1005,Jessica Mora,South,2079,Office-Who,Office,404,1,780.75
2188,2024-08-22,2024,3,2024-08,1113,Louis Jones,Central,2084,Office-Stuff,Office,402,0,1741.33
2189,2024-08-22,2024,3,2024-08,1003,David Brennan,North,2079,Office-Who,Office,403,0,1848.52
226,2024-08-23,2024,3,2024-08,1011,Amanda Myers,West,2028,Electronics-Take,Electronics,402,,1188.86
593,2024-08-23,2024,3,2024-08,1098,Jeffrey Maxwell,West,2038,Office-Soon,Office,404,2,1776.17
611,2024-08-23,2024,3,2024-08,1034,Heather Smith,Central,2019,Home-History,Home,404,1,1489.34
1027,2024-08-23,2024,3,2024-08,1180,Jennifer Smith,South-West,2093,Home-Real,Home,401,3,1712.5
1063,2024-08-23,2024,3,2024-08,1001,John Silva,East,2052,Office-Year,Office,401,3,454.58
1172,2024-08-23,2024,3,2024-08,1020,Michelle Brewer,East,2035,Home-According,Home,402,1,2999.07
1246,2024-08-23,2024,3,2024-08,1090,Nicholas Dunlap,South,2091,Office-Mrs,Office,402,1,1317.14
1540,2024-08-23,2024,3,2024-08,1122,Christopher Martinez,East,2034,Clothing-Feel,Clothing,402,3,83.43
1899,2024-08-23,2024,3,2024-08,1005,Jessica Mora,South,2079,Office-Who,Office,404,3,3048.78
110,2024-08-24,2024,3,2024-08,1071,Christopher Frost,East,2029,Home-Yourself,Home,401,1,85.63
1257,2024-08-24,2024,3,2024-08,1095,Dr. Jason Scott,South,2033,Clothing-Argue,Clothing,403,,105.57
1444,2024-08-24,2024,3,2024-08,1133,Victor Wagner,South-West,2041,Home-Assume,Home,402,2,3413.65
1582,2024-08-24,2024,3,2024-08,1089,Matthew Hernandez,North,2097,Office-Recent,Office,403,0,1498.45
1661,2024-08-24,2024,3,2024-08,1142,Marvin Hamilton,North,2087,Electronics-Rather,Electronics,401,2,1073.34
1983,2024-08-24,2024,3,2024-08,1137,Jessica Harmon,South-West,2013,Office-Cultural,Office,404,0,1922.17
1232,2024-08-25,2024,3,2024-08,1075,Joseph Chavez,North,2003,Electronics-Training,Electronics,403,3,1141.95
1865,2024-08-25,2024,3,2024-08,1020,Michelle Brewer,East,2041,Home-Assume,Home,403,,535.64
1924,2024-08-25,2024,3,2024-08,1020,Michelle Brewer,East,2091,Office-Mrs,Office,404,3,2931.23
2073,2024-08-25,2024,3,2024-08,1034,Heather Smith,Central,2097,Office-Recent,Office,404,2,4973.29
1177,2024-08-26,2024,3,2024-08,1086,Robert Rodriguez,East,2023,Home-Yeah,Home,404,2,4195.74
1210,2024-08-26,2024,3,2024-08,1066,Derrick Myers,North,2090,Office-Staff,Office,404,2,1393.93
1716,2024-08-26,2024,3,2024-08,1131,Mark Gomez,West,2076,Clothing-Affect,Clothing,403,0,919.83
1932,2024-08-26,2024,3,2024-08,1116,Melissa Rivera,Central,2094,Office-Fight,Office,403,1,472.73
2142,2024-08-26,2024,3,2024-08,1033,Paul Perkins,East,2026,Clothing-Use,Clothing,402,,1890.2
2206,2024-08-26,2024,3,2024-08,1120,Daniel Meyer,South,2015,Office-Itself,Office,402,1,1781.31
2349,2024-08-26,2024,3,2024-08,1131,Mark Gomez,West,2026,Clothing-Use,Clothing,401,0,827.26
55,2024-08-27,2024,3,2024-08,1194,Casey Brown,Central,2035,Home-According,Home,404,0,3870.61
120,2024-08-27,2024,3,2024-08,1057,Kathy Hall,North,2044,Office-Society,Office,403,2,1624.08
275,2024-08-27,2024,3,2024-08,1072,Shannon Schmitt,East,2070,Clothing-About,Clothing,402,3,135.18
540,2024-08-27,2024,3,2024-08,1176,Ashley Williams,East,2019,Home-History,Home,403,2,1012.27
600,2024-08-27,2024,3,2024-08,1116,Melissa Rivera,Central,2009,Office-Raise,Office,403,3,61.79
769,2024-08-27,2024,3,2024-08,1072,Shannon Schmitt,East,2097,Office-Recent,Office,401,3,4237.24
919,2024-08-27,2024,3,2024-08,1155,Rachel Goodman,North,2023,Home-Yeah,Home,403,2,1001.88
1776,2024-08-27,2024,3,2024-08,1034,Heather Smith,Central,2001,Electronics-Boost,Electronics,402,0,1398.75
311,2024-08-28,2024,3,2024-08,1020,Michelle Brewer,East,2019,Home-History,Home,401,1,2745.01
655,2024-08-28,2024,3,2024-08,1181,Tiffany Smith,East,2089,Electronics-Action,Electronics,402,0,741.9
1870,2024-08-28,2024,3,2024-08,1115,Gina Banks,West,2028,Electronics-Take,Electronics,404,0,1308.95
2292,2024-08-28,2024,3,2024-08,1031,Jessica Frazier,West,2024,Clothing-Paper,Clothing,403,3,1357.58
2342,2024-08-28,2024,3,2024-08,1174,Deborah Saunders,West,2019,Home-History,Home,401,1,1160.07
2399,2024-08-28,2024,3,2024-08,1020,Michelle Brewer,East,2046,Clothing-Worry,Clothing,403,1,80.08
491,2024-08-29,2024,3,2024-08,1025,Garrett Lewis,South,2068,Home-Read,Home,404,1,1897.63
891,2024-08-29,2024,3,2024-08,1071,Christopher Frost,East,2035,Home-According,Home,402,3,1647.35
1038,2024-08-29,2024,3,2024-08,1031,Jessica Frazier,West,2041,Home-Assume,Home,401,0,1119.73
1160,2024-08-29,2024,3,2024-08,1020,Michelle Brewer,East,2031,Office-Develop,Office,403,1,1489.32
1371,2024-08-29,2024,3,2024-08,1032,Terri Long,East,2054,Electronics-Above,Electronics,402,,1865.85
10,2024-08-30,2024,3,2024-08,1130,Mary Sandoval,North,2096,Office-Discuss,Office,401,1,1594.55
126,2024-08-30,2024,3,2024-08,1014,Cindy Woods,East,2041,Home-Assume,Home,402,2,1039.93
616,2024-08-30,2024,3,2024-08,1061,Taylor Kaufman,North,2011,Electronics-Religious,Electronics,401,2,945.6
879,2024-08-30,2024,3,2024-08,1188,Ashley Todd,North,2046,Clothing-Worry,Clothing,401,1,147.58
1033,2024-08-30,2024,3,2024-08,1091,Brianna Thomas,South-West,2031,Office-Develop,Office,404,0,1911.89
1457,2024-08-30,2024,3,2024-08,1070,Brittany Johnson,East,2041,Home-Assume,Home,402,3,3589.21
1851,2024-08-30,2024,3,2024-08,1007,David Kim,West,2097,Office-Recent,Office,403,,1229.91
2244,2024-08-30,2024,3,2024-08,1071,Christopher Frost,East,2073,Clothing-Executive,Clothing,404,3,1203.3
214,2024-08-31,2024,3,2024-08,1034,Heather Smith,Central,2059,Electronics-Clear,Electronics,404,1,725.01
253,2024-08-31,2024,3,2024-08,1142,Marvin Hamilton,North,2073,Clothing-Executive,Clothing,402,3,1375.13
378,2024-08-31,2024,3,2024-08,1103,Megan Chandler,East,2010,Electronics-Themselves,Electronics,404,3,1021.99
648,2024-08-31,2024,3,2024-08,1066,Derrick Myers,North,2009,Office-Raise,Office,401,0,53.62
994,2024-08-31,2024,3,2024-08,1071,Christopher Frost,East,2048,Electronics-Candidate,Electronics,403,2,330.35
1955,2024-08-31,2024,3,2024-08,1016,Andrea Roberts,East,2010,Electronics-Themselves,Electronics,402,0,387.15
72,2024-09-01,2024,3,2024-09,1115,Gina Banks,West,2038,Office-Soon,Office,404,0,1493.17
332,2024-09-01,2024,3,2024-09,1015,Jennifer Rodgers,North,2019,Home-History,Home,401,3,3153.77
1026,2024-09-01,2024,3,2024-09,1183,Kenneth Graves,East,2050,Electronics-Young,Electronics,401,2,383.51
1071,2024-09-01,2024,3,2024-09,1122,Christopher Martinez,East,2029,Home-Yourself,Home,401,0,123.59
1276,2024-09-01,2024,3,2024-09,1035,Lorraine Rodriguez,East,2015,Office-Itself,Office,402,1,1533.14
1331,2024-09-01,2024,3,2024-09,1085,Steven Wright,Central,2056,Office-About,Office,401,0,1223.24
1436,2024-09-01,2024,3,2024-09,1015,Jennifer Rodgers,North,2005,Office-Huge,Office,403,0,1466.67
2160,2024-09-01,2024,3,2024-09,1084,Martha Mccall,North,2087,Electronics-Rather,Electronics,401,3,1635.66
2196,2024-09-01,2024,3,2024-09,1035,Lorraine Rodriguez,East,2072,Electronics-Become,Electronics,401,3,1055.65
468,2024-09-02,2024,3,2024-09,1020,Michelle Brewer,East,2033,Clothing-Argue,Clothing,402,0,1528.67
609,2024-09-02,2024,3,2024-09,1005,Jessica Mora,South,2048,Electronics-Candidate,Electronics,402,,155.96
1328,2024-09-02,2024,3,2024-09,1047,Ashley Pearson,West,2019,Home-History,Home,402,2,1142.41
706,2024-09-03,2024,3,2024-09,1020,Michelle Brewer,East,2091,Office-Mrs,Office,404,3,2104.34
1271,2024-09-03,2024,3,2024-09,1135,Christopher Chen,South,2023,Home-Yeah,Home,401,1,3879.97
1552,2024-09-03,2024,3,2024-09,1000,Robert Gomez,West,2044,Office-Society,Office,403,1,240.15
1705,2024-09-03,2024,3,2024-09,1034,Heather Smith,Central,2036,Electronics-Candidate,Electronics,403,2,439.01
2038,2024-09-03,2024,3,2024-09,1054,Laura Mcdonald,South,2073,Clothing-Executive,Clothing,404,0,834.16
2132,2024-09-03,2024,3,2024-09,1015,Jennifer Rodgers,North,2091,Office-Mrs,Office,403,1,3993.43
1074,2024-09-04,2024,3,2024-09,1058,Steven Jackson,Central,2096,Office-Discuss,Office,401,0,537.35
1090,2024-09-04,2024,3,2024-09,1047,Ashley Pearson,West,2056,Office-About,Office,403,,168.59
1227,2024-09-04,2024,3,2024-09,1078,Danielle Fuller,South-West,2070,Clothing-About,Clothing,404,2,39.44
1620,2024-09-04,2024,3,2024-09,1080,Thomas Parker,South-West,2021,Clothing-Skill,Clothing,402,3,1112.14
2047,2024-09-04,2024,3,2024-09,1034,Heather Smith,Central,2045,Office-Next,Office,404,0,595.02
2184,2024-09-04,2024,3,2024-09,1066,Derrick Myers,North,2031,Office-Develop,Office,403,1,630.86
50,2024-09-05,2024,3,2024-09,1138,Bonnie Stewart,South,2023,Home-Yeah,Home,402,1,789.03
463,2024-09-05,2024,3,2024-09,1190,Elizabeth Robinson,South-West,2010,Electronics-Themselves,Electronics,402,0,1876.75
1541,2024-09-05,2024,3,2024-09,1056,Kristina Wilson,East,2070,Clothing-About,Clothing,402,2,106.59
1637,2024-09-05,2024,3,2024-09,1114,Grace Price,South,2025,Electronics-Assume,Electronics,402,,586.06
2094,2024-09-05,2024,3,2024-09,1107,Emily Hoffman,West,2079,Office-Who,Office,402,2,3872.54
2202,2024-09-05,2024,3,2024-09,1017,Brittney Burnett,North,2038,Office-Soon,Office,401,0,340.85
301,2024-09-06,2024,3,2024-09,1015,Jennifer Rodgers,North,2018,Electronics-Nature,Electronics,403,1,1063.53
393,2024-09-06,2024,3,2024-09,1178,Katherine Kerr,East,2013,Office-Cultural,Office,404,2,742.11
1265,2024-09-06,2024,3,2024-09,1002,Mark Marshall,Central,2061,Home-Quite,Home,403,3,468.93
1622,2024-09-06,2024,3,2024-09,1171,Ronald Marquez,South-West,2046,Clothing-Worry,Clothing,404,2,36.65
1630,2024-09-06,2024,3,2024-09,1199,James Cooley,West,2001,Electronics-Boost,Electronics,403,3,214.49
1902,2024-09-06,2024,3,2024-09,1053,Benjamin Cline,East,2087,Electronics-Rather,Electronics,403,0,795.35
1996,2024-09-06,2024,3,2024-09,1165,Richard Burnett,Central,2056,Office-About,Office,401,2,808.16
2093,2024-09-06,2024,3,2024-09,1184,Brittney Chen,East,2080,Office-Doctor,Office,402,2,340.36
153,2024-09-07,2024,3,2024-09,1170,Eric Davis,North,2067,Clothing-Remain,Clothing,403,,1039.29
351,2024-09-07,2024,3,2024-09,1005,Jessica Mora,South,2087,Electronics-Rather,Electronics,402,3,555.88
582,2024-09-07,2024,3,2024-09,1197,William Wilson,West,2054,Electronics-Above,Electronics,402,0,4242.6
850,2024-09-07,2024,3,2024-09,1089,Matthew Hernandez,North,2086,Home-Of,Home,401,1,938.17
1018,2024-09-07,2024,3,2024-09,1052,Brandon Hinton,South-West,2009,Office-Raise,Office,404,,40.26
1045,2024-09-07,2024,3,2024-09,1032,Terri Long,East,2072,Electronics-Become,Electronics,403,,295.57
1103,2024-09-07,2024,3,2024-09,1086,Robert Rodriguez,East,2043,Electronics-Practice,Electronics,401,0,1845.41
1148,2024-09-07,2024,3,2024-09,1198,Chris Allen,South-West,2060,Office-Term,Office,403,2,1772.41
1204,2024-09-07,2024,3,2024-09,1182,James Gray,West,2041,Home-Assume,Home,402,0,2575.31
1576,2024-09-07,2024,3,2024-09,1183,Kenneth Graves,East,2097,Office-Recent,Office,404,2,1633.32
1709,2024-09-07,2024,3,2024-09,1032,Terri Long,East,2013,Office-Cultural,Office,403,3,4842.86
1864,2024-09-07,2024,3,2024-09,1120,Daniel Meyer,South,2034,Clothing-Feel,Clothing,404,3,173.99
1219,2024-09-08,2024,3,2024-09,1046,Tyler Colon,Central,2083,Clothing-Cut,Clothing,402,3,1959.79
1472,2024-09-08,2024,3,2024-09,1071,Christopher Frost,East,2032,Electronics-There,Electronics,404,3,449.15
1918,2024-09-08,2024,3,2024-09,1020,Michelle Brewer,East,2038,Office-Soon,Office,404,1,485.72
2079,2024-09-08,2024,3,2024-09,1024,Andres Avila,Central,2010,Electronics-Themselves,Electronics,403,2,692.97
2392,2024-09-08,2024,3,2024-09,1018,Edwin Garrison,South-West,2033,Clothing-Argue,Clothing,402,1,114.82
936,2024-09-09,2024,3,2024-09,1103,Megan Chandler,East,2097,Office-Recent,Office,402,0,2200.44
1205,2024-09-09,2024,3,2024-09,1061,Taylor Kaufman,North,2059,Electronics-Clear,Electronics,401,2,1822.31
1206,2024-09-09,2024,3,2024-09,1017,Brittney Burnett,North,2013,Office-Cultural,Office,404,3,816.65
1484,2024-09-09,2024,3,2024-09,1111,Ronald Chavez,South-West,2042,Clothing-Lawyer,Clothing,403,3,1203.8
1522,2024-09-09,2024,3,2024-09,1108,Sharon Bautista,Central,2019,Home-History,Home,401,1,4170.62
268,2024-09-10,2024,3,2024-09,1008,William Ramirez,East,2044,Office-Society,Office,401,0,512.04
284,2024-09-10,2024,3,2024-09,1184,Brittney Chen,East,2099,Electronics-Several,Electronics,401,2,1233.51
718,2024-09-10,2024,3,2024-09,1145,Stephanie Powell,East,2019,Home-History,Home,401,3,2590.95
915,2024-09-10,2024,3,2024-09,1050,Jeffrey Mclaughlin,East,2013,Office-Cultural,Office,402,1,1095.33
1976,2024-09-10,2024,3,2024-09,1089,Matthew Hernandez,North,2022,Home-Economy,Home,401,1,784.9
2205,2024-09-10,2024,3,2024-09,1108,Sharon Bautista,Central,2031,Office-Develop,Office,402,,908.06
2250,2024-09-10,2024,3,2024-09,1125,Debbie Andrews,West,2023,Home-Yeah,Home,403,0,2669.73
99,2024-09-11,2024,3,2024-09,1196,Dr. Elizabeth Johnston DDS,North,2017,Electronics-Feeling,Electronics,401,0,909.61
449,2024-09-11,2024,3,2024-09,1039,Brandy Good,West,2015,Office-Itself,Office,401,3,1540.28
1550,2024-09-11,2024,3,2024-09,1191,Kyle Smith Jr.,South,2097,Office-Recent,Office,402,,2934.84
1625,2024-09-11,2024,3,2024-09,1032,Terri Long,East,2018,Electronics-Nature,Electronics,404,3,382.12
1274,2024-09-12,2024,3,2024-09,1079,Zachary Thompson MD,East,2039,Clothing-Need,Clothing,401,,1147.06
434,2024-09-13,2024,3,2024-09,1108,Sharon Bautista,Central,2078,Electronics-Film,Electronics,403,3,855.79
701,2024-09-13,2024,3,2024-09,1034,Heather Smith,Central,2035,Home-According,Home,404,0,0.0
849,2024-09-13,2024,3,2024-09,1184,Brittney Chen,East,2046,Clothing-Worry,Clothing,403,3,112.99
968,2024-09-13,2024,3,2024-09,1166,David Mccullough,South-West,2015,Office-Itself,Office,404,,831.83
1252,2024-09-13,2024,3,2024-09,1032,Terri Long,East,2079,Office-Who,Office,404,0,4755.79
1395,2024-09-13,2024,3,2024-09,1020,Michelle Brewer,East,2083,Clothing-Cut,Clothing,403,3,1320.25
1766,2024-09-13,2024,3,2024-09,1049,Rebecca Jordan,West,2039,Clothing-Need,Clothing,402,1,4522.07
1771,2024-09-13,2024,3,2024-09,1098,Jeffrey Maxwell,West,2072,Electronics-Become,Electronics,404,1,1540.45
1857,2024-09-13,2024,3,2024-09,1170,Eric Davis,North,2054,Electronics-Above,Electronics,403,1,2816.09
1930,2024-09-13,2024,3,2024-09,1017,Brittney Burnett,North,2015,Office-Itself,Office,404,2,70.88
2012,2024-09-13,2024,3,2024-09,1110,Melissa Grimes,South,2054,Electronics-Above,Electronics,401,0,1004.74
2395,2024-09-13,2024,3,2024-09,1144,Brian Browning,East,2019,Home-History,Home,404,1,3830.85
556,2024-09-14,2024,3,2024-09,1046,Tyler Colon,Central,2085,Electronics-Officer,Electronics,403,2,109.02
734,2024-09-14,2024,3,2024-09,1090,Nicholas Dunlap,South,2098,Clothing-Trouble,Clothing,403,0,1856.93
746,2024-09-14,2024,3,2024-09,1031,Jessica Frazier,West,2019,Home-History,Home,404,0,4923.28
778,2024-09-14,2024,3,2024-09,1058,Steven Jackson,Central,2093,Home-Real,Home,403,0,1401.32
992,2024-09-14,2024,3,2024-09,1082,Connor Martin,Central,2019,Home-History,Home,401,1,3684.09
1089,2024-09-14,2024,3,2024-09,1066,Derrick Myers,North,2016,Home-He,Home,402,1,1329.16
1562,2024-09-14,2024,3,2024-09,1034,Heather Smith,Central,2005,Office-Huge,Office,404,1,1590.55
1719,2024-09-14,2024,3,2024-09,1139,Heather Olson,Central,2010,Electronics-Themselves,Electronics,402,3,1800.02
1739,2024-09-14,2024,3,2024-09,1192,Gregory Medina,East,2005,Office-Huge,Office,401,3,333.65
1861,2024-09-14,2024,3,2024-09,1034,Heather Smith,Central,2030,Clothing-First,Clothing,401,,1704.26
2313,2024-09-14,2024,3,2024-09,1033,Paul Perkins,East,2097,Office-Recent,Office,401,0,1797.42
1749,2024-09-15,2024,3,2024-09,1020,Michelle Brewer,East,2040,Clothing-Determine,Clothing,404,2,14.09
103,2024-09-16,2024,3,2024-09,1089,Matthew Hernandez,North,2086,Home-Of,Home,403,2,505.95
705,2024-09-16,2024,3,2024-09,1042,Christopher Dodson,North,2046,Clothing-Worry,Clothing,402,3,30.81
906,2024-09-16,2024,3,2024-09,1005,Jessica Mora,South,2041,Home-Assume,Home,401,3,526.51
1363,2024-09-16,2024,3,2024-09,1147,William Palmer,South-West,2089,Electronics-Action,Electronics,401,0,1704.8
1525,2024-09-16,2024,3,2024-09,1031,Jessica Frazier,West,2035,Home-According,Home,401,2,3922.85
1869,2024-09-16,2024,3,2024-09,1050,Jeffrey Mclaughlin,East,2023,Home-Yeah,Home,404,2,4487.59
29,2024-09-17,2024,3,2024-09,1017,Brittney Burnett,North,2047,Clothing-Hair,Clothing,403,2,1975.1
590,2024-09-17,2024,3,2024-09,1100,Michael Simon,East,2065,Office-Animal,Office,404,3,1572.83
679,2024-09-17,2024,3,2024-09,1041,David Beltran,East,2039,Clothing-Need,Clothing,402,0,624.67
1220,2024-09-17,2024,3,2024-09,1190,Elizabeth Robinson,South-West,2019,Home-History,Home,402,0,1597.73
1184,2024-09-18,2024,3,2024-09,1106,Jennifer Ewing,East,2054,Electronics-Above,Electronics,403,0,664.76
1863,2024-09-18,2024,3,2024-09,1116,Melissa Rivera,Central,2091,Office-Mrs,Office,403,2,2122.22
2301,2024-09-18,2024,3,2024-09,1099,Lori Howard,East,2091,Office-Mrs,Office,403,0,4817.29
2332,2024-09-18,2024,3,2024-09,1005,Jessica Mora,South,2067,Clothing-Remain,Clothing,401,0,740.18
1740,2024-09-19,2024,3,2024-09,1105,Taylor Clarke,Central,2013,Office-Cultural,Office,402,1,3319.66
1914,2024-09-19,2024,3,2024-09,1004,Kerry Collins,North,2086,Home-Of,Home,402,0,1025.98
2004,2024-09-19,2024,3,2024-09,1089,Matthew Hernandez,North,2045,Office-Next,Office,402,2,1589.47
69,2024-09-20,2024,3,2024-09,1141,David Palmer,North,2023,Home-Yeah,Home,404,0,2612.29
125,2024-09-20,2024,3,2024-09,1029,Gina Powers,West,2009,Office-Raise,Office,403,3,53.18
874,2024-09-20,2024,3,2024-09,1146,Jonathan Andrade,South-West,2027,Home-Purpose,Home,404,3,1629.91
884,2024-09-20,2024,3,2024-09,1151,Sabrina Lester,West,2091,Office-Mrs,Office,404,1,785.74
1542,2024-09-20,2024,3,2024-09,1079,Zachary Thompson MD,East,2002,Office-Family,Office,401,0,601.49
2082,2024-09-20,2024,3,2024-09,1113,Louis Jones,Central,2013,Office-Cultural,Office,401,,4465.56
2099,2024-09-20,2024,3,2024-09,1034,Heather Smith,Central,2046,Clothing-Worry,Clothing,404,0,57.08
2234,2024-09-20,2024,3,2024-09,1130,Mary Sandoval,North,2015,Office-Itself,Office,403,3,535.1
32,2024-09-21,2024,3,2024-09,1116,Melissa Rivera,Central,2033,Clothing-Argue,Clothing,402,3,268.15
215,2024-09-21,2024,3,2024-09,1185,Cameron Levine,East,2004,Office-Where,Office,404,0,181.22
441,2024-09-21,2024,3,2024-09,1171,Ronald Marquez,South-West,2075,Electronics-Letter,Electronics,402,0,1121.71
497,2024-09-21,2024,3,2024-09,1142,Marvin Hamilton,North,2073,Clothing-Executive,Clothing,402,3,319.9
781,2024-09-21,2024,3,2024-09,1114,Grace Price,South,2046,Clothing-Worry,Clothing,402,0,41.59
900,2024-09-21,2024,3,2024-09,1183,Kenneth Graves,East,2029,Home-Yourself,Home,403,0,66.91
1021,2024-09-21,2024,3,2024-09,1020,Michelle Brewer,East,2073,Clothing-Executive,Clothing,401,0,519.1
1811,2024-09-21,2024,3,2024-09,1089,Matthew Hernandez,North,2042,Clothing-Lawyer,Clothing,403,3,1150.91
1868,2024-09-21,2024,3,2024-09,1066,Derrick Myers,North,2079,Office-Who,Office,401,2,3504.64
2040,2024-09-21,2024,3,2024-09,1116,Melissa Rivera,Central,2040,Clothing-Determine,Clothing,403,1,117.37
2323,2024-09-21,2024,3,2024-09,1133,Victor Wagner,South-West,2041,Home-Assume,Home,403,2,2084.29
183,2024-09-22,2024,3,2024-09,1174,Deborah Saunders,West,2016,Home-He,Home,401,2,762.93
918,2024-09-22,2024,3,2024-09,1107,Emily Hoffman,West,2013,Office-Cultural,Office,402,,3851.4
1145,2024-09-22,2024,3,2024-09,1026,Gary Walls,North,2097,Office-Recent,Office,404,2,3817.69
1539,2024-09-22,2024,3,2024-09,1003,David Brennan,North,2097,Office-Recent,Office,401,2,1509.42
31,2024-09-23,2024,3,2024-09,1089,Matthew Hernandez,North,2041,Home-Assume,Home,404,0,2406.09
401,2024-09-23,2024,3,2024-09,1197,William Wilson,West,2065,Office-Animal,Office,404,2,425.4
942,2024-09-23,2024,3,2024-09,1089,Matthew Hernandez,North,2019,Home-History,Home,401,1,2006.8
1002,2024-09-23,2024,3,2024-09,1149,Jordan Elliott,North,2075,Electronics-Letter,Electronics,403,1,1001.27
2265,2024-09-23,2024,3,2024-09,1153,Michelle Martinez,East,2035,Home-According,Home,402,3,749.72
346,2024-09-24,2024,3,2024-09,1041,David Beltran,East,2099,Electronics-Several,Electronics,402,1,574.71
1962,2024-09-24,2024,3,2024-09,1136,Scott Hernandez,South,2019,Home-History,Home,403,0,4382.15
642,2024-09-26,2024,3,2024-09,1071,Christopher Frost,East,2041,Home-Assume,Home,404,0,2127.92
674,2024-09-26,2024,3,2024-09,1005,Jessica Mora,South,2079,Office-Who,Office,401,0,1730.14
1332,2024-09-26,2024,3,2024-09,1089,Matthew Hernandez,North,2019,Home-History,Home,404,0,1264.62
1568,2024-09-26,2024,3,2024-09,1010,Mike Davis,East,2046,Clothing-Worry,Clothing,401,3,93.89
1658,2024-09-26,2024,3,2024-09,1077,Amy Espinoza,North,2015,Office-Itself,Office,401,3,99.52
1944,2024-09-26,2024,3,2024-09,1005,Jessica Mora,South,2054,Electronics-Above,Electronics,403,3,1365.61
389,2024-09-27,2024,3,2024-09,1172,Eric Barr,East,2023,Home-Yeah,Home,403,2,3122.63
626,2024-09-27,2024,3,2024-09,1071,Christopher Frost,East,2066,Office-Occur,Office,403,2,1584.31
823,2024-09-27,2024,3,2024-09,1178,Katherine Kerr,East,2027,Home-Purpose,Home,404,0,199.24
1140,2024-09-27,2024,3,2024-09,1157,Cheryl Wu,West,2047,Clothing-Hair,Clothing,403,1,1857.81
1567,2024-09-27,2024,3,2024-09,1040,Angel Lee,Central,2023,Home-Yeah,Home,404,0,4209.61
1803,2024-09-27,2024,3,2024-09,1036,Robert Bishop,South-West,2066,Office-Occur,Office,404,1,853.64
1889,2024-09-27,2024,3,2024-09,1088,Lindsay Torres,East,2085,Electronics-Officer,Electronics,402,1,1918.79
2117,2024-09-27,2024,3,2024-09,1034,Heather Smith,Central,2079,Office-Who,Office,402,0,671.23
2130,2024-09-27,2024,3,2024-09,1094,Robert Jones,West,2054,Electronics-Above,Electronics,404,0,2486.94
2318,2024-09-27,2024,3,2024-09,1012,Tara Miller,North,2009,Office-Raise,Office,402,2,61.81
392,2024-09-28,2024,3,2024-09,1008,William Ramirez,East,2057,Clothing-Identify,Clothing,401,1,1144.48
395,2024-09-28,2024,3,2024-09,1066,Derrick Myers,North,2023,Home-Yeah,Home,401,3,1689.08
612,2024-09-28,2024,3,2024-09,1116,Melissa Rivera,Central,2070,Clothing-About,Clothing,402,3,40.3
726,2024-09-28,2024,3,2024-09,1100,Michael Simon,East,2013,Office-Cultural,Office,401,3,4318.77
1764,2024-09-28,2024,3,2024-09,1190,Elizabeth Robinson,South-West,2023,Home-Yeah,Home,401,3,4188.41
1778,2024-09-28,2024,3,2024-09,1023,Dustin Medina,East,2035,Home-According,Home,403,1,882.74
192,2024-09-29,2024,3,2024-09,1076,Glenn Shelton,East,2090,Office-Staff,Office,402,3,730.17
2108,2024-09-29,2024,3,2024-09,1029,Gina Powers,West,2091,Office-Mrs,Office,401,3,2996.49
2400,2024-09-29,2024,3,2024-09,1156,Dennis Acevedo,East,2000,Electronics-Signal,Electronics,402,3,571.86
96,2024-09-30,2024,3,2024-09,1176,Ashley Williams,East,2041,Home-Assume,Home,402,3,2216.14
281,2024-09-30,2024,3,2024-09,1192,Gregory Medina,East,2082,Office-Figure,Office,402,,1240.12
535,2024-09-30,2024,3,2024-09,1097,Laura Jones,East,2097,Office-Recent,Office,404,0,1105.46
689,2024-09-30,2024,3,2024-09,1193,Nancy King,South,2035,Home-According,Home,402,2,3950.33
876,2024-09-30,2024,3,2024-09,1040,Angel Lee,Central,2070,Clothing-About,Clothing,404,3,116.08
909,2024-09-30,2024,3,2024-09,1046,Tyler Colon,Central,2034,Clothing-Feel,Clothing,401,3,739.79
2135,2024-09-30,2024,3,2024-09,1005,Jessica Mora,South,2017,Electronics-Feeling,Electronics,401,3,330.44
2171,2024-09-30,2024,3,2024-09,1012,Tara Miller,North,2056,Office-About,Office,404,3,558.81
2180,2024-09-30,2024,3,2024-09,1005,Jessica Mora,South,2041,Home-Assume,Home,402,0,1262.87
204,2024-10-01,2024,4,2024-10,1002,Mark Marshall,Central,2054,Electronics-Above,Electronics,402,,1880.63
664,2024-10-01,2024,4,2024-10,1194,Casey Brown,Central,2097,Office-Recent,Office,404,1,2740.55
786,2024-10-01,2024,4,2024-10,1016,Andrea Roberts,East,2013,Office-Cultural,Office,401,3,3277.86
853,2024-10-01,2024,4,2024-10,1168,Denise Gonzales,South,2075,Electronics-Letter,Electronics,403,0,1166.59
923,2024-10-01,2024,4,2024-10,1194,Casey Brown,Central,2023,Home-Yeah,Home,401,3,1636.36
1057,2024-10-01,2024,4,2024-10,1165,Richard Burnett,Central,2060,Office-Term,Office,402,2,681.95
1737,2024-10-01,2024,4,2024-10,1066,Derrick Myers,North,2054,Electronics-Above,Electronics,403,1,1731.2
2289,2024-10-01,2024,4,2024-10,1089,Matthew Hernandez,North,2070,Clothing-About,Clothing,403,,46.99
1913,2024-10-02,2024,4,2024-10,1071,Christopher Frost,East,2031,Office-Develop,Office,403,3,1171.09
1317,2024-10-03,2024,4,2024-10,1197,William Wilson,West,2013,Office-Cultural,Office,401,0,3143.61
1488,2024-10-03,2024,4,2024-10,1125,Debbie Andrews,West,2050,Electronics-Young,Electronics,402,1,1240.62
1981,2024-10-03,2024,4,2024-10,1065,Daniel Adams,Central,2087,Electronics-Rather,Electronics,403,0,427.41
2319,2024-10-03,2024,4,2024-10,1147,William Palmer,South-West,2034,Clothing-Feel,Clothing,404,,1054.86
2398,2024-10-03,2024,4,2024-10,1066,Derrick Myers,North,2023,Home-Yeah,Home,403,3,1025.35
141,2024-10-04,2024,4,2024-10,1087,Carla Tran,East,2062,Office-Receive,Office,402,1,626.79
819,2024-10-04,2024,4,2024-10,1032,Terri Long,East,2013,Office-Cultural,Office,402,3,1610.78
1123,2024-10-04,2024,4,2024-10,1146,Jonathan Andrade,South-West,2068,Home-Read,Home,402,0,1245.94
1152,2024-10-04,2024,4,2024-10,1089,Matthew Hernandez,North,2064,Electronics-Stop,Electronics,401,0,1301.26
1161,2024-10-04,2024,4,2024-10,1073,Matthew Clark,Central,2023,Home-Yeah,Home,403,1,1396.51
1742,2024-10-04,2024,4,2024-10,1145,Stephanie Powell,East,2009,Office-Raise,Office,403,2,122.5
1805,2024-10-04,2024,4,2024-10,1054,Laura Mcdonald,South,2092,Electronics-Add,Electronics,401,,349.77
1859,2024-10-04,2024,4,2024-10,1021,Aaron Burnett,South,2073,Clothing-Executive,Clothing,404,1,1619.75
1903,2024-10-04,2024,4,2024-10,1089,Matthew Hernandez,North,2019,Home-History,Home,402,,811.64
1958,2024-10-04,2024,4,2024-10,1034,Heather Smith,Central,2086,Home-Of,Home,401,,1161.53
1978,2024-10-04,2024,4,2024-10,1144,Brian Browning,East,2020,Electronics-Share,Electronics,403,2,1275.14
2338,2024-10-04,2024,4,2024-10,1108,Sharon Bautista,Central,2087,Electronics-Rather,Electronics,402,1,674.0
8,2024-10-05,2024,4,2024-10,1054,Laura Mcdonald,South,2072,Electronics-Become,Electronics,403,3,1833.37
379,2024-10-05,2024,4,2024-10,1190,Elizabeth Robinson,South-West,2013,Office-Cultural,Office,404,0,4063.02
901,2024-10-05,2024,4,2024-10,1066,Derrick Myers,North,2035,Home-According,Home,401,0,1786.33
1130,2024-10-05,2024,4,2024-10,1131,Mark Gomez,West,2038,Office-Soon,Office,403,0,1329.3
1754,2024-10-05,2024,4,2024-10,1034,Heather Smith,Central,2023,Home-Yeah,Home,403,0,4598.24
2026,2024-10-05,2024,4,2024-10,1005,Jessica Mora,South,2013,Office-Cultural,Office,403,0,3727.3
1780,2024-10-06,2024,4,2024-10,1025,Garrett Lewis,South,2035,Home-According,Home,401,3,515.79
256,2024-10-07,2024,4,2024-10,1181,Tiffany Smith,East,2054,Electronics-Above,Electronics,401,1,3832.2
314,2024-10-07,2024,4,2024-10,1020,Michelle Brewer,East,2091,Office-Mrs,Office,403,1,950.6
552,2024-10-07,2024,4,2024-10,1020,Michelle Brewer,East,2021,Clothing-Skill,Clothing,401,2,148.92
765,2024-10-07,2024,4,2024-10,1016,Andrea Roberts,East,2052,Office-Year,Office,402,0,1928.78
1120,2024-10-07,2024,4,2024-10,1005,Jessica Mora,South,2099,Electronics-Several,Electronics,404,3,1390.08
1392,2024-10-07,2024,4,2024-10,1162,Deborah Rice,East,2002,Office-Family,Office,403,3,128.25
1007,2024-10-08,2024,4,2024-10,1066,Derrick Myers,North,2077,Office-Ball,Office,402,0,1446.72
1087,2024-10-08,2024,4,2024-10,1045,Dr. Susan Bailey,North,2002,Office-Family,Office,404,,749.51
81,2024-10-09,2024,4,2024-10,1103,Megan Chandler,East,2000,Electronics-Signal,Electronics,404,1,1264.14
833,2024-10-09,2024,4,2024-10,1089,Matthew Hernandez,North,2035,Home-According,Home,404,2,2160.41
835,2024-10-09,2024,4,2024-10,1099,Lori Howard,East,2098,Clothing-Trouble,Clothing,402,2,1349.42
979,2024-10-09,2024,4,2024-10,1187,Kayla Solomon,North,2094,Office-Fight,Office,403,,1870.95
1166,2024-10-09,2024,4,2024-10,1089,Matthew Hernandez,North,2001,Electronics-Boost,Electronics,402,2,1810.81
1867,2024-10-09,2024,4,2024-10,1147,William Palmer,South-West,2038,Office-Soon,Office,404,1,1746.73
2151,2024-10-10,2024,4,2024-10,1089,Matthew Hernandez,North,2078,Electronics-Film,Electronics,403,1,488.49
2216,2024-10-10,2024,4,2024-10,1163,Elizabeth Vaughn,West,2002,Office-Family,Office,401,3,1988.07
2274,2024-10-10,2024,4,2024-10,1096,Patricia Rogers,South,2046,Clothing-Worry,Clothing,402,1,20.31
2389,2024-10-10,2024,4,2024-10,1064,Joshua Cline,East,2091,Office-Mrs,Office,404,0,566.52
222,2024-10-11,2024,4,2024-10,1032,Terri Long,East,2011,Electronics-Religious,Electronics,402,,1229.69
820,2024-10-11,2024,4,2024-10,1125,Debbie Andrews,West,2073,Clothing-Executive,Clothing,401,2,1841.85
832,2024-10-11,2024,4,2024-10,1048,Dr. Donald Proctor,North,2069,Clothing-Garden,Clothing,404,0,256.48
895,2024-10-11,2024,4,2024-10,1089,Matthew Hernandez,North,2018,Electronics-Nature,Electronics,402,0,1939.11
1000,2024-10-11,2024,4,2024-10,1116,Melissa Rivera,Central,2091,Office-Mrs,Office,402,2,3433.66
1124,2024-10-11,2024,4,2024-10,1005,Jessica Mora,South,2002,Office-Family,Office,404,2,1545.34
1211,2024-10-11,2024,4,2024-10,1066,Derrick Myers,North,2076,Clothing-Affect,Clothing,401,1,100.58
1440,2024-10-11,2024,4,2024-10,1120,Daniel Meyer,South,2049,Office-Easy,Office,402,0,1951.69
1511,2024-10-11,2024,4,2024-10,1032,Terri Long,East,2023,Home-Yeah,Home,403,2,2370.09
1633,2024-10-11,2024,4,2024-10,1116,Melissa Rivera,Central,2005,Office-Huge,Office,403,2,1742.75
2019,2024-10-11,2024,4,2024-10,1020,Michelle Brewer,East,2026,Clothing-Use,Clothing,404,1,812.88
2128,2024-10-11,2024,4,2024-10,1071,Christopher Frost,East,2097,Office-Recent,Office,404,2,1196.44
2208,2024-10-11,2024,4,2024-10,1084,Martha Mccall,North,2005,Office-Huge,Office,404,1,448.48
246,2024-10-12,2024,4,2024-10,1084,Martha Mccall,North,2055,Clothing-Politics,Clothing,402,1,396.39
318,2024-10-12,2024,4,2024-10,1033,Paul Perkins,East,2029,Home-Yourself,Home,403,,108.66
340,2024-10-12,2024,4,2024-10,1032,Terri Long,East,2047,Clothing-Hair,Clothing,401,2,1693.55
399,2024-10-12,2024,4,2024-10,1192,Gregory Medina,East,2060,Office-Term,Office,401,2,1813.77
541,2024-10-12,2024,4,2024-10,1145,Stephanie Powell,East,2003,Electronics-Training,Electronics,402,2,984.26
1047,2024-10-12,2024,4,2024-10,1020,Michelle Brewer,East,2088,Office-Evening,Office,403,0,1365.11
1289,2024-10-12,2024,4,2024-10,1189,Jennifer Farrell,North,2029,Home-Yourself,Home,403,0,22.66
1675,2024-10-12,2024,4,2024-10,1147,William Palmer,South-West,2099,Electronics-Several,Electronics,404,0,921.31
1767,2024-10-12,2024,4,2024-10,1020,Michelle Brewer,East,2019,Home-History,Home,401,3,2773.2
1866,2024-10-12,2024,4,2024-10,1158,Kelly Gallagher,East,2039,Clothing-Need,Clothing,401,1,3181.75
503,2024-10-13,2024,4,2024-10,1190,Elizabeth Robinson,South-West,2079,Office-Who,Office,403,3,1086.69
529,2024-10-13,2024,4,2024-10,1038,Jason Ford,East,2023,Home-Yeah,Home,402,0,1892.83
1592,2024-10-13,2024,4,2024-10,1023,Dustin Medina,East,2013,Office-Cultural,Office,403,3,692.84
18,2024-10-14,2024,4,2024-10,1058,Steven Jackson,Central,2000,Electronics-Signal,Electronics,401,0,1815.57
860,2024-10-14,2024,4,2024-10,1094,Robert Jones,West,2043,Electronics-Practice,Electronics,403,2,787.95
1520,2024-10-14,2024,4,2024-10,1001,John Silva,East,2059,Electronics-Clear,Electronics,401,0,1144.75
86,2024-10-15,2024,4,2024-10,1068,Melissa Gutierrez,East,2036,Electronics-Candidate,Electronics,403,3,920.77
239,2024-10-15,2024,4,2024-10,1152,Thomas Garcia,East,2099,Electronics-Several,Electronics,403,,1985.54
703,2024-10-15,2024,4,2024-10,1022,Austin Gutierrez,East,2070,Clothing-About,Clothing,404,0,146.99
788,2024-10-15,2024,4,2024-10,1006,Hannah Ray,West,2042,Clothing-Lawyer,Clothing,402,0,181.71
738,2024-10-16,2024,4,2024-10,1021,Aaron Burnett,South,2079,Office-Who,Office,403,1,3890.78
791,2024-10-16,2024,4,2024-10,1002,Mark Marshall,Central,2084,Office-Stuff,Office,402,,1678.59
1100,2024-10-16,2024,4,2024-10,1005,Jessica Mora,South,2018,Electronics-Nature,Electronics,404,1,1758.99
1235,2024-10-16,2024,4,2024-10,1112,Joseph Flores,East,2014,Clothing-Eat,Clothing,404,0,1561.72
1419,2024-10-16,2024,4,2024-10,1077,Amy Espinoza,North,2075,Electronics-Letter,Electronics,404,0,1955.18
2383,2024-10-16,2024,4,2024-10,1053,Benjamin Cline,East,2034,Clothing-Feel,Clothing,403,2,828.69
742,2024-10-17,2024,4,2024-10,1135,Christopher Chen,South,2018,Electronics-Nature,Electronics,404,1,1267.5
913,2024-10-17,2024,4,2024-10,1071,Christopher Frost,East,2054,Electronics-Above,Electronics,404,0,1802.6
1306,2024-10-17,2024,4,2024-10,1089,Matthew Hernandez,North,2079,Office-Who,Office,403,1,1402.73
1336,2024-10-17,2024,4,2024-10,1116,Melissa Rivera,Central,2019,Home-History,Home,404,2,1790.89
1365,2024-10-17,2024,4,2024-10,1034,Heather Smith,Central,2087,Electronics-Rather,Electronics,403,1,172.43
1366,2024-10-17,2024,4,2024-10,1158,Kelly Gallagher,East,2055,Clothing-Politics,Clothing,401,3,1501.32
1618,2024-10-17,2024,4,2024-10,1023,Dustin Medina,East,2062,Office-Receive,Office,404,0,1152.57
1693,2024-10-17,2024,4,2024-10,1149,Jordan Elliott,North,2002,Office-Family,Office,401,3,587.15
1848,2024-10-17,2024,4,2024-10,1059,Steve Massey,West,2056,Office-About,Office,404,3,237.11
821,2024-10-18,2024,4,2024-10,1076,Glenn Shelton,East,2022,Home-Economy,Home,404,3,1826.12
1822,2024-10-18,2024,4,2024-10,1054,Laura Mcdonald,South,2064,Electronics-Stop,Electronics,403,,1272.38
1965,2024-10-18,2024,4,2024-10,1116,Melissa Rivera,Central,2024,Clothing-Paper,Clothing,404,0,0.0
2139,2024-10-18,2024,4,2024-10,1116,Melissa Rivera,Central,2073,Clothing-Executive,Clothing,404,2,926.28
2252,2024-10-18,2024,4,2024-10,1066,Derrick Myers,North,2097,Office-Recent,Office,402,1,4249.97
324,2024-10-19,2024,4,2024-10,1184,Brittney Chen,East,2079,Office-Who,Office,404,1,2718.87
573,2024-10-19,2024,4,2024-10,1075,Joseph Chavez,North,2013,Office-Cultural,Office,403,2,2629.22
890,2024-10-19,2024,4,2024-10,1053,Benjamin Cline,East,2084,Office-Stuff,Office,401,1,1719.37
1287,2024-10-19,2024,4,2024-10,1070,Brittany Johnson,East,2006,Office-Class,Office,403,2,363.15
1307,2024-10-19,2024,4,2024-10,1020,Michelle Brewer,East,2009,Office-Raise,Office,403,,147.48
1373,2024-10-19,2024,4,2024-10,1089,Matthew Hernandez,North,2077,Office-Ball,Office,403,3,861.87
1910,2024-10-19,2024,4,2024-10,1116,Melissa Rivera,Central,2086,Home-Of,Home,402,1,1713.98
2008,2024-10-19,2024,4,2024-10,1032,Terri Long,East,2041,Home-Assume,Home,404,0,1050.02
2170,2024-10-19,2024,4,2024-10,1089,Matthew Hernandez,North,2040,Clothing-Determine,Clothing,401,1,99.58
813,2024-10-20,2024,4,2024-10,1005,Jessica Mora,South,2051,Home-Century,Home,403,0,112.81
932,2024-10-20,2024,4,2024-10,1071,Christopher Frost,East,2013,Office-Cultural,Office,401,3,1658.05
1389,2024-10-21,2024,4,2024-10,1089,Matthew Hernandez,North,2063,Home-Good,Home,404,3,822.18
1920,2024-10-21,2024,4,2024-10,1100,Michael Simon,East,2039,Clothing-Need,Clothing,403,3,2999.2
2309,2024-10-21,2024,4,2024-10,1103,Megan Chandler,East,2033,Clothing-Argue,Clothing,404,2,571.17
2357,2024-10-21,2024,4,2024-10,1134,Joseph Aguilar,West,2077,Office-Ball,Office,402,2,656.8
2386,2024-10-21,2024,4,2024-10,1032,Terri Long,East,2059,Electronics-Clear,Electronics,403,1,65.75
97,2024-10-22,2024,4,2024-10,1179,Desiree Miller,East,2079,Office-Who,Office,403,,4002.4
251,2024-10-22,2024,4,2024-10,1137,Jessica Harmon,South-West,2010,Electronics-Themselves,Electronics,401,2,1244.72
1495,2024-10-22,2024,4,2024-10,1075,Joseph Chavez,North,2051,Home-Century,Home,404,1,1701.89
1909,2024-10-22,2024,4,2024-10,1097,Laura Jones,East,2035,Home-According,Home,401,3,1306.61
1986,2024-10-22,2024,4,2024-10,1071,Christopher Frost,East,2097,Office-Recent,Office,402,0,1873.05
2137,2024-10-22,2024,4,2024-10,1005,Jessica Mora,South,2060,Office-Term,Office,401,0,1058.17
657,2024-10-23,2024,4,2024-10,1184,Brittney Chen,East,2054,Electronics-Above,Electronics,404,2,3812.78
1655,2024-10-23,2024,4,2024-10,1089,Matthew Hernandez,North,2017,Electronics-Feeling,Electronics,403,3,1913.31
1744,2024-10-23,2024,4,2024-10,1097,Laura Jones,East,2005,Office-Huge,Office,403,3,1381.39
1761,2024-10-23,2024,4,2024-10,1068,Melissa Gutierrez,East,2079,Office-Who,Office,403,2,2602.51
424,2024-10-24,2024,4,2024-10,1030,Alice Robinson,East,2053,Home-Ground,Home,403,3,984.09
649,2024-10-24,2024,4,2024-10,1152,Thomas Garcia,East,2043,Electronics-Practice,Electronics,402,0,281.26
688,2024-10-24,2024,4,2024-10,1031,Jessica Frazier,West,2030,Clothing-First,Clothing,404,3,1839.96
776,2024-10-24,2024,4,2024-10,1180,Jennifer Smith,South-West,2026,Clothing-Use,Clothing,401,3,590.83
1499,2024-10-24,2024,4,2024-10,1088,Lindsay Torres,East,2013,Office-Cultural,Office,403,3,4849.49
2156,2024-10-24,2024,4,2024-10,1005,Jessica Mora,South,2097,Office-Recent,Office,401,0,4290.82
101,2024-10-25,2024,4,2024-10,1069,Virginia Warren,North,2032,Electronics-There,Electronics,404,2,710.49
182,2024-10-25,2024,4,2024-10,1145,Stephanie Powell,East,2046,Clothing-Worry,Clothing,403,,117.02
267,2024-10-25,2024,4,2024-10,1010,Mike Davis,East,2056,Office-About,Office,402,0,1324.66
299,2024-10-25,2024,4,2024-10,1197,William Wilson,West,2093,Home-Real,Home,402,3,1106.01
498,2024-10-25,2024,4,2024-10,1059,Steve Massey,West,2041,Home-Assume,Home,401,1,3756.11
620,2024-10-25,2024,4,2024-10,1093,Christian Medina,East,2082,Office-Figure,Office,401,1,703.11
669,2024-10-25,2024,4,2024-10,1149,Jordan Elliott,North,2054,Electronics-Above,Electronics,404,2,2353.68
883,2024-10-25,2024,4,2024-10,1066,Derrick Myers,North,2097,Office-Recent,Office,402,,3076.84
1477,2024-10-25,2024,4,2024-10,1149,Jordan Elliott,North,2091,Office-Mrs,Office,404,0,2965.95
1491,2024-10-25,2024,4,2024-10,1179,Desiree Miller,East,2073,Clothing-Executive,Clothing,401,,693.78
1555,2024-10-25,2024,4,2024-10,1194,Casey Brown,Central,2079,Office-Who,Office,402,1,534.3
1593,2024-10-25,2024,4,2024-10,1089,Matthew Hernandez,North,2079,Office-Who,Office,404,0,931.93
60,2024-10-26,2024,4,2024-10,1087,Carla Tran,East,2079,Office-Who,Office,404,2,4229.18
169,2024-10-26,2024,4,2024-10,1141,David Palmer,North,2019,Home-History,Home,401,3,3961.24
297,2024-10-26,2024,4,2024-10,1013,Alyssa Morgan,North,2097,Office-Recent,Office,401,0,4397.15
799,2024-10-26,2024,4,2024-10,1005,Jessica Mora,South,2008,Electronics-Skin,Electronics,401,1,423.78
944,2024-10-26,2024,4,2024-10,1182,James Gray,West,2000,Electronics-Signal,Electronics,402,1,811.67
1133,2024-10-26,2024,4,2024-10,1164,William Ramsey,North,2029,Home-Yourself,Home,401,1,141.89
1230,2024-10-26,2024,4,2024-10,1186,Timothy Williams,West,2095,Home-Seem,Home,403,3,1537.26
1297,2024-10-26,2024,4,2024-10,1060,Mr. Christopher Thompson,South,2040,Clothing-Determine,Clothing,401,1,125.84
1410,2024-10-26,2024,4,2024-10,1196,Dr. Elizabeth Johnston DDS,North,2091,Office-Mrs,Office,404,3,1639.4
1783,2024-10-26,2024,4,2024-10,1181,Tiffany Smith,East,2035,Home-According,Home,403,,1957.69
1974,2024-10-26,2024,4,2024-10,1001,John Silva,East,2068,Home-Read,Home,401,2,196.37
2016,2024-10-26,2024,4,2024-10,1125,Debbie Andrews,West,2070,Clothing-About,Clothing,403,1,113.87
2105,2024-10-26,2024,4,2024-10,1020,Michelle Brewer,East,2023,Home-Yeah,Home,402,0,729.31
2235,2024-10-26,2024,4,2024-10,1102,Robert Hansen,Central,2025,Electronics-Assume,Electronics,402,0,1623.25
2397,2024-10-26,2024,4,2024-10,1034,Heather Smith,Central,2039,Clothing-Need,Clothing,401,0,1652.12
988,2024-10-27,2024,4,2024-10,1020,Michelle Brewer,East,2041,Home-Assume,Home,403,3,518.71
1375,2024-10-27,2024,4,2024-10,1032,Terri Long,East,2060,Office-Term,Office,401,,529.91
1409,2024-10-27,2024,4,2024-10,1185,Cameron Levine,East,2018,Electronics-Nature,Electronics,403,2,1181.41
1437,2024-10-27,2024,4,2024-10,1057,Kathy Hall,North,2016,Home-He,Home,404,3,1523.09
1503,2024-10-27,2024,4,2024-10,1032,Terri Long,East,2064,Electronics-Stop,Electronics,402,2,1722.66
1556,2024-10-27,2024,4,2024-10,1175,Teresa Lopez,West,2053,Home-Ground,Home,401,1,349.79
2388,2024-10-27,2024,4,2024-10,1066,Derrick Myers,North,2068,Home-Read,Home,404,0,1185.48
585,2024-10-28,2024,4,2024-10,1165,Richard Burnett,Central,2023,Home-Yeah,Home,401,2,3472.15
666,2024-10-28,2024,4,2024-10,1008,William Ramirez,East,2041,Home-Assume,Home,402,1,2250.86
971,2024-10-28,2024,4,2024-10,1018,Edwin Garrison,South-West,2091,Office-Mrs,Office,401,3,4550.57
1356,2024-10-28,2024,4,2024-10,1131,Mark Gomez,West,2054,Electronics-Above,Electronics,404,1,3736.03
1602,2024-10-28,2024,4,2024-10,1075,Joseph Chavez,North,2082,Office-Figure,Office,404,2,1577.88
325,2024-10-29,2024,4,2024-10,1025,Garrett Lewis,South,2073,Clothing-Executive,Clothing,402,0,115.15
672,2024-10-29,2024,4,2024-10,1146,Jonathan Andrade,South-West,2091,Office-Mrs,Office,401,1,2762.46
800,2024-10-29,2024,4,2024-10,1153,Michelle Martinez,East,2081,Office-Light,Office,402,1,623.66
896,2024-10-29,2024,4,2024-10,1066,Derrick Myers,North,2041,Home-Assume,Home,404,2,4394.29
2034,2024-10-29,2024,4,2024-10,1017,Brittney Burnett,North,2087,Electronics-Rather,Electronics,404,,1265.73
2124,2024-10-29,2024,4,2024-10,1195,Michael Lee,South-West,2070,Clothing-About,Clothing,404,3,44.31
2239,2024-10-29,2024,4,2024-10,1153,Michelle Martinez,East,2019,Home-History,Home,402,3,2299.18
6,2024-10-30,2024,4,2024-10,1093,Christian Medina,East,2054,Electronics-Above,Electronics,402,0,1270.12
52,2024-10-30,2024,4,2024-10,1089,Matthew Hernandez,North,2079,Office-Who,Office,404,1,1728.21
225,2024-10-30,2024,4,2024-10,1091,Brianna Thomas,South-West,2040,Clothing-Determine,Clothing,404,3,54.83
244,2024-10-30,2024,4,2024-10,1020,Michelle Brewer,East,2023,Home-Yeah,Home,401,2,2679.04
656,2024-10-30,2024,4,2024-10,1071,Christopher Frost,East,2097,Office-Recent,Office,403,0,2731.17
1349,2024-10-30,2024,4,2024-10,1034,Heather Smith,Central,2046,Clothing-Worry,Clothing,404,1,12.78
1829,2024-10-30,2024,4,2024-10,1100,Michael Simon,East,2019,Home-History,Home,404,1,3324.81
2285,2024-10-30,2024,4,2024-10,1005,Jessica Mora,South,2079,Office-Who,Office,402,3,547.18
220,2024-10-31,2024,4,2024-10,1178,Katherine Kerr,East,2019,Home-History,Home,403,3,1514.05
892,2024-10-31,2024,4,2024-10,1102,Robert Hansen,Central,2032,Electronics-There,Electronics,404,1,187.59
1662,2024-10-31,2024,4,2024-10,1183,Kenneth Graves,East,2063,Home-Good,Home,402,3,620.7
2343,2024-10-31,2024,4,2024-10,1087,Carla Tran,East,2053,Home-Ground,Home,401,1,947.33
238,2024-11-01,2024,4,2024-11,1176,Ashley Williams,East,2064,Electronics-Stop,Electronics,403,,1685.42
511,2024-11-01,2024,4,2024-11,1130,Mary Sandoval,North,2012,Clothing-Artist,Clothing,403,0,1026.27
587,2024-11-01,2024,4,2024-11,1066,Derrick Myers,North,2033,Clothing-Argue,Clothing,402,3,441.3
815,2024-11-01,2024,4,2024-11,1084,Martha Mccall,North,2057,Clothing-Identify,Clothing,403,0,396.39
927,2024-11-01,2024,4,2024-11,1102,Robert Hansen,Central,2026,Clothing-Use,Clothing,402,,1204.62
941,2024-11-01,2024,4,2024-11,1073,Matthew Clark,Central,2079,Office-Who,Office,401,0,4804.1
948,2024-11-01,2024,4,2024-11,1107,Emily Hoffman,West,2099,Electronics-Several,Electronics,402,1,446.4
1454,2024-11-01,2024,4,2024-11,1066,Derrick Myers,North,2052,Office-Year,Office,404,3,1513.85
1515,2024-11-01,2024,4,2024-11,1020,Michelle Brewer,East,2079,Office-Who,Office,401,1,1221.53
1777,2024-11-01,2024,4,2024-11,1029,Gina Powers,West,2013,Office-Cultural,Office,404,0,876.25
1990,2024-11-01,2024,4,2024-11,1020,Michelle Brewer,East,2024,Clothing-Paper,Clothing,404,2,1160.49
2204,2024-11-01,2024,4,2024-11,1060,Mr. Christopher Thompson,South,2096,Office-Discuss,Office,404,,494.39
2226,2024-11-01,2024,4,2024-11,1032,Terri Long,East,2016,Home-He,Home,401,1,518.21
2374,2024-11-01,2024,4,2024-11,1029,Gina Powers,West,2024,Clothing-Paper,Clothing,404,3,1505.2
180,2024-11-02,2024,4,2024-11,1061,Taylor Kaufman,North,2054,Electronics-Above,Electronics,401,,4470.53
417,2024-11-02,2024,4,2024-11,1150,Bobby Hunter,North,2037,Clothing-Meeting,Clothing,402,0,1029.23
465,2024-11-02,2024,4,2024-11,1020,Michelle Brewer,East,2016,Home-He,Home,402,1,1343.92
588,2024-11-02,2024,4,2024-11,1027,Anthony Schroeder,East,2079,Office-Who,Office,402,0,3719.3
695,2024-11-02,2024,4,2024-11,1146,Jonathan Andrade,South-West,2013,Office-Cultural,Office,402,3,3655.68
720,2024-11-02,2024,4,2024-11,1020,Michelle Brewer,East,2046,Clothing-Worry,Clothing,404,2,138.54
744,2024-11-02,2024,4,2024-11,1032,Terri Long,East,2069,Clothing-Garden,Clothing,403,2,1526.24
877,2024-11-02,2024,4,2024-11,1072,Shannon Schmitt,East,2035,Home-According,Home,404,2,3111.73
1056,2024-11-02,2024,4,2024-11,1116,Melissa Rivera,Central,2092,Electronics-Add,Electronics,403,1,1537.08
1122,2024-11-02,2024,4,2024-11,1102,Robert Hansen,Central,2013,Office-Cultural,Office,403,1,4183.36
1341,2024-11-02,2024,4,2024-11,1138,Bonnie Stewart,South,2038,Office-Soon,Office,404,,1125.8
1351,2024-11-02,2024,4,2024-11,1071,Christopher Frost,East,2041,Home-Assume,Home,403,0,4926.07
1613,2024-11-02,2024,4,2024-11,1016,Andrea Roberts,East,2014,Clothing-Eat,Clothing,404,0,427.0
1617,2024-11-02,2024,4,2024-11,1032,Terri Long,East,2092,Electronics-Add,Electronics,404,3,1212.81
1643,2024-11-02,2024,4,2024-11,1050,Jeffrey Mclaughlin,East,2039,Clothing-Need,Clothing,403,1,1098.94
1681,2024-11-02,2024,4,2024-11,1034,Heather Smith,Central,2041,Home-Assume,Home,403,3,4166.03
1989,2024-11-02,2024,4,2024-11,1026,Gary Walls,North,2099,Electronics-Several,Electronics,403,0,1903.12
2032,2024-11-02,2024,4,2024-11,1010,Mike Davis,East,2065,Office-Animal,Office,402,1,1717.76
2360,2024-11-02,2024,4,2024-11,1136,Scott Hernandez,South,2095,Home-Seem,Home,401,3,928.15
258,2024-11-03,2024,4,2024-11,1050,Jeffrey Mclaughlin,East,2054,Electronics-Above,Electronics,404,,1752.55
462,2024-11-03,2024,4,2024-11,1199,James Cooley,West,2046,Clothing-Worry,Clothing,404,1,27.51
722,2024-11-03,2024,4,2024-11,1032,Terri Long,East,2051,Home-Century,Home,404,2,1928.13
1752,2024-11-03,2024,4,2024-11,1155,Rachel Goodman,North,2009,Office-Raise,Office,401,3,36.14
1886,2024-11-03,2024,4,2024-11,1141,David Palmer,North,2097,Office-Recent,Office,402,3,4288.17
1922,2024-11-03,2024,4,2024-11,1066,Derrick Myers,North,2097,Office-Recent,Office,403,,4506.12
2182,2024-11-03,2024,4,2024-11,1113,Louis Jones,Central,2079,Office-Who,Office,404,,4513.35
117,2024-11-04,2024,4,2024-11,1080,Thomas Parker,South-West,2085,Electronics-Officer,Electronics,403,1,974.82
233,2024-11-04,2024,4,2024-11,1103,Megan Chandler,East,2031,Office-Develop,Office,402,0,1723.53
247,2024-11-04,2024,4,2024-11,1188,Ashley Todd,North,2062,Office-Receive,Office,402,2,816.22
713,2024-11-04,2024,4,2024-11,1071,Christopher Frost,East,2079,Office-Who,Office,403,1,2708.8
844,2024-11-04,2024,4,2024-11,1032,Terri Long,East,2078,Electronics-Film,Electronics,404,3,793.77
1076,2024-11-04,2024,4,2024-11,1168,Denise Gonzales,South,2041,Home-Assume,Home,402,2,4364.42
1153,2024-11-04,2024,4,2024-11,1180,Jennifer Smith,South-West,2013,Office-Cultural,Office,401,3,3345.08
1250,2024-11-04,2024,4,2024-11,1005,Jessica Mora,South,2015,Office-Itself,Office,401,0,458.79
1292,2024-11-04,2024,4,2024-11,1050,Jeffrey Mclaughlin,East,2039,Clothing-Need,Clothing,404,1,2897.72
1293,2024-11-04,2024,4,2024-11,1026,Gary Walls,North,2094,Office-Fight,Office,403,0,488.41
1405,2024-11-04,2024,4,2024-11,1009,Zachary Bell Jr.,East,2059,Electronics-Clear,Electronics,404,0,135.87
1784,2024-11-04,2024,4,2024-11,1151,Sabrina Lester,West,2039,Clothing-Need,Clothing,404,,2152.78
1879,2024-11-04,2024,4,2024-11,1177,Katherine West,East,2023,Home-Yeah,Home,401,1,2056.38
2088,2024-11-04,2024,4,2024-11,1015,Jennifer Rodgers,North,2022,Home-Economy,Home,402,,95.89
2178,2024-11-04,2024,4,2024-11,1116,Melissa Rivera,Central,2027,Home-Purpose,Home,403,0,813.99
46,2024-11-05,2024,4,2024-11,1034,Heather Smith,Central,2098,Clothing-Trouble,Clothing,401,1,1918.03
1180,2024-11-05,2024,4,2024-11,1077,Amy Espinoza,North,2094,Office-Fight,Office,401,3,1572.96
1706,2024-11-05,2024,4,2024-11,1071,Christopher Frost,East,2039,Clothing-Need,Clothing,404,2,3665.33
343,2024-11-06,2024,4,2024-11,1134,Joseph Aguilar,West,2003,Electronics-Training,Electronics,402,1,536.51
461,2024-11-06,2024,4,2024-11,1020,Michelle Brewer,East,2035,Home-According,Home,403,2,3224.23
1890,2024-11-06,2024,4,2024-11,1158,Kelly Gallagher,East,2043,Electronics-Practice,Electronics,402,0,522.37
2248,2024-11-06,2024,4,2024-11,1034,Heather Smith,Central,2054,Electronics-Above,Electronics,402,0,2338.21
2296,2024-11-06,2024,4,2024-11,1047,Ashley Pearson,West,2017,Electronics-Feeling,Electronics,403,1,1872.8
20,2024-11-07,2024,4,2024-11,1005,Jessica Mora,South,2052,Office-Year,Office,404,0,1969.12
51,2024-11-07,2024,4,2024-11,1106,Jennifer Ewing,East,2079,Office-Who,Office,404,0,3945.18
105,2024-11-07,2024,4,2024-11,1034,Heather Smith,Central,2046,Clothing-Worry,Clothing,401,1,61.94
205,2024-11-07,2024,4,2024-11,1180,Jennifer Smith,South-West,2088,Office-Evening,Office,401,2,480.66
566,2024-11-07,2024,4,2024-11,1054,Laura Mcdonald,South,2060,Office-Term,Office,402,3,752.56
690,2024-11-07,2024,4,2024-11,1066,Derrick Myers,North,2062,Office-Receive,Office,404,2,1759.68
1290,2024-11-07,2024,4,2024-11,1163,Elizabeth Vaughn,West,2079,Office-Who,Office,402,3,4126.54
1585,2024-11-07,2024,4,2024-11,1066,Derrick Myers,North,2096,Office-Discuss,Office,404,2,235.85
2104,2024-11-07,2024,4,2024-11,1004,Kerry Collins,North,2009,Office-Raise,Office,401,1,124.12
2284,2024-11-07,2024,4,2024-11,1152,Thomas Garcia,East,2047,Clothing-Hair,Clothing,402,3,1413.85
347,2024-11-08,2024,4,2024-11,1034,Heather Smith,Central,2016,Home-He,Home,402,0,1236.27
787,2024-11-08,2024,4,2024-11,1168,Denise Gonzales,South,2058,Home-Wear,Home,404,3,1257.5
806,2024-11-08,2024,4,2024-11,1081,Ryan White,South,2013,Office-Cultural,Office,402,2,2115.92
1158,2024-11-08,2024,4,2024-11,1000,Robert Gomez,West,2070,Clothing-About,Clothing,403,3,107.48
1432,2024-11-08,2024,4,2024-11,1059,Steve Massey,West,2041,Home-Assume,Home,402,3,769.97
1663,2024-11-08,2024,4,2024-11,1033,Paul Perkins,East,2065,Office-Animal,Office,402,2,1919.45
352,2024-11-09,2024,4,2024-11,1009,Zachary Bell Jr.,East,2073,Clothing-Executive,Clothing,402,1,1294.71
567,2024-11-09,2024,4,2024-11,1171,Ronald Marquez,South-West,2013,Office-Cultural,Office,401,1,2690.16
709,2024-11-09,2024,4,2024-11,1032,Terri Long,East,2042,Clothing-Lawyer,Clothing,401,0,1201.16
812,2024-11-09,2024,4,2024-11,1142,Marvin Hamilton,North,2023,Home-Yeah,Home,402,0,3464.82
925,2024-11-09,2024,4,2024-11,1128,Vincent Day,North,2021,Clothing-Skill,Clothing,403,1,1913.82
1035,2024-11-09,2024,4,2024-11,1079,Zachary Thompson MD,East,2039,Clothing-Need,Clothing,403,0,2547.62
1070,2024-11-09,2024,4,2024-11,1020,Michelle Brewer,East,2061,Home-Quite,Home,402,0,1018.36
1099,2024-11-09,2024,4,2024-11,1032,Terri Long,East,2031,Office-Develop,Office,404,1,1601.92
1139,2024-11-09,2024,4,2024-11,1066,Derrick Myers,North,2037,Clothing-Meeting,Clothing,403,2,373.59
1196,2024-11-09,2024,4,2024-11,1192,Gregory Medina,East,2071,Clothing-Success,Clothing,404,3,306.81
1207,2024-11-09,2024,4,2024-11,1183,Kenneth Graves,East,2091,Office-Mrs,Office,401,0,2292.79
1236,2024-11-09,2024,4,2024-11,1116,Melissa Rivera,Central,2073,Clothing-Executive,Clothing,402,3,1166.83
1666,2024-11-09,2024,4,2024-11,1052,Brandon Hinton,South-West,2059,Electronics-Clear,Electronics,403,,969.74
1044,2024-11-10,2024,4,2024-11,1007,David Kim,West,2003,Electronics-Training,Electronics,404,1,639.66
1627,2024-11-10,2024,4,2024-11,1087,Carla Tran,East,2062,Office-Receive,Office,404,3,501.68
2037,2024-11-10,2024,4,2024-11,1130,Mary Sandoval,North,2033,Clothing-Argue,Clothing,403,3,1522.21
11,2024-11-11,2024,4,2024-11,1005,Jessica Mora,South,2059,Electronics-Clear,Electronics,403,0,273.38
739,2024-11-11,2024,4,2024-11,1005,Jessica Mora,South,2052,Office-Year,Office,404,2,913.03
843,2024-11-11,2024,4,2024-11,1077,Amy Espinoza,North,2091,Office-Mrs,Office,402,3,4876.5
905,2024-11-11,2024,4,2024-11,1095,Dr. Jason Scott,South,2043,Electronics-Practice,Electronics,402,0,992.09
1151,2024-11-11,2024,4,2024-11,1048,Dr. Donald Proctor,North,2022,Home-Economy,Home,401,2,60.95
1402,2024-11-11,2024,4,2024-11,1019,Michelle Torres,Central,2013,Office-Cultural,Office,403,0,1682.27
1694,2024-11-11,2024,4,2024-11,1083,Jacqueline Bishop,South,2049,Office-Easy,Office,403,1,102.73
1980,2024-11-11,2024,4,2024-11,1077,Amy Espinoza,North,2091,Office-Mrs,Office,404,0,3178.8
161,2024-11-12,2024,4,2024-11,1089,Matthew Hernandez,North,2093,Home-Real,Home,403,3,1961.05
569,2024-11-12,2024,4,2024-11,1098,Jeffrey Maxwell,West,2023,Home-Yeah,Home,404,3,1565.37
958,2024-11-12,2024,4,2024-11,1026,Gary Walls,North,2039,Clothing-Need,Clothing,403,,2937.06
1545,2024-11-12,2024,4,2024-11,1069,Virginia Warren,North,2080,Office-Doctor,Office,404,2,970.12
359,2024-11-13,2024,4,2024-11,1122,Christopher Martinez,East,2004,Office-Where,Office,402,0,1525.85
1073,2024-11-13,2024,4,2024-11,1035,Lorraine Rodriguez,East,2019,Home-History,Home,403,2,760.65
1730,2024-11-13,2024,4,2024-11,1130,Mary Sandoval,North,2009,Office-Raise,Office,404,,24.31
505,2024-11-14,2024,4,2024-11,1147,William Palmer,South-West,2079,Office-Who,Office,404,1,3172.45
714,2024-11-14,2024,4,2024-11,1079,Zachary Thompson MD,East,2077,Office-Ball,Office,402,0,1049.67
783,2024-11-14,2024,4,2024-11,1089,Matthew Hernandez,North,2031,Office-Develop,Office,401,2,1652.19
1023,2024-11-14,2024,4,2024-11,1005,Jessica Mora,South,2006,Office-Class,Office,404,0,795.92
1040,2024-11-14,2024,4,2024-11,1074,Alyssa Evans,West,2091,Office-Mrs,Office,403,3,4851.08
1082,2024-11-14,2024,4,2024-11,1020,Michelle Brewer,East,2054,Electronics-Above,Electronics,401,2,4583.52
1243,2024-11-14,2024,4,2024-11,1115,Gina Banks,West,2094,Office-Fight,Office,402,0,1171.69
1517,2024-11-14,2024,4,2024-11,1198,Chris Allen,South-West,2027,Home-Purpose,Home,402,3,1508.08
1689,2024-11-14,2024,4,2024-11,1137,Jessica Harmon,South-West,2023,Home-Yeah,Home,404,2,966.33
1921,2024-11-14,2024,4,2024-11,1146,Jonathan Andrade,South-West,2008,Electronics-Skin,Electronics,403,2,1406.74
303,2024-11-15,2024,4,2024-11,1060,Mr. Christopher Thompson,South,2054,Electronics-Above,Electronics,404,2,1723.8
568,2024-11-15,2024,4,2024-11,1021,Aaron Burnett,South,2079,Office-Who,Office,404,3,2544.77
594,2024-11-15,2024,4,2024-11,1034,Heather Smith,Central,2039,Clothing-Need,Clothing,402,0,3395.33
610,2024-11-15,2024,4,2024-11,1032,Terri Long,East,2054,Electronics-Above,Electronics,402,1,4890.0
716,2024-11-15,2024,4,2024-11,1010,Mike Davis,East,2059,Electronics-Clear,Electronics,402,1,1078.19
735,2024-11-15,2024,4,2024-11,1193,Nancy King,South,2019,Home-History,Home,401,0,1251.71
910,2024-11-15,2024,4,2024-11,1181,Tiffany Smith,East,2035,Home-According,Home,403,,3847.66
1538,2024-11-15,2024,4,2024-11,1034,Heather Smith,Central,2067,Clothing-Remain,Clothing,403,0,324.36
1887,2024-11-15,2024,4,2024-11,1067,Lawrence Pearson,East,2033,Clothing-Argue,Clothing,404,2,562.18
1912,2024-11-15,2024,4,2024-11,1084,Martha Mccall,North,2037,Clothing-Meeting,Clothing,402,2,1593.83
70,2024-11-16,2024,4,2024-11,1034,Heather Smith,Central,2091,Office-Mrs,Office,401,3,3096.6
159,2024-11-16,2024,4,2024-11,1086,Robert Rodriguez,East,2063,Home-Good,Home,404,2,1467.81
163,2024-11-16,2024,4,2024-11,1071,Christopher Frost,East,2046,Clothing-Worry,Clothing,403,0,105.07
342,2024-11-16,2024,4,2024-11,1104,David Herrera,West,2097,Office-Recent,Office,403,1,3693.06
551,2024-11-16,2024,4,2024-11,1116,Melissa Rivera,Central,2019,Home-History,Home,401,0,2076.43
829,2024-11-16,2024,4,2024-11,1066,Derrick Myers,North,2039,Clothing-Need,Clothing,404,,0.0
1077,2024-11-16,2024,4,2024-11,1093,Christian Medina,East,2037,Clothing-Meeting,Clothing,402,2,1105.77
1801,2024-11-16,2024,4,2024-11,1034,Heather Smith,Central,2013,Office-Cultural,Office,404,,1912.6
1826,2024-11-16,2024,4,2024-11,1199,James Cooley,West,2030,Clothing-First,Clothing,404,1,1915.01
365,2024-11-17,2024,4,2024-11,1020,Michelle Brewer,East,2019,Home-History,Home,402,0,3477.49
561,2024-11-17,2024,4,2024-11,1103,Megan Chandler,East,2019,Home-History,Home,404,0,4176.65
887,2024-11-18,2024,4,2024-11,1010,Mike Davis,East,2035,Home-According,Home,402,2,657.52
1623,2024-11-18,2024,4,2024-11,1139,Heather Olson,Central,2041,Home-Assume,Home,401,1,1953.6
1928,2024-11-18,2024,4,2024-11,1192,Gregory Medina,East,2020,Electronics-Share,Electronics,402,1,505.86
1963,2024-11-18,2024,4,2024-11,1104,David Herrera,West,2076,Clothing-Affect,Clothing,403,0,1051.69
2003,2024-11-18,2024,4,2024-11,1034,Heather Smith,Central,2081,Office-Light,Office,401,0,935.51
2361,2024-11-18,2024,4,2024-11,1116,Melissa Rivera,Central,2041,Home-Assume,Home,403,2,4893.47
148,2024-11-19,2024,4,2024-11,1006,Hannah Ray,West,2050,Electronics-Young,Electronics,403,0,104.97
405,2024-11-19,2024,4,2024-11,1080,Thomas Parker,South-West,2019,Home-History,Home,401,0,3135.24
458,2024-11-19,2024,4,2024-11,1092,Timothy Hill,West,2071,Clothing-Success,Clothing,403,3,1741.37
580,2024-11-19,2024,4,2024-11,1135,Christopher Chen,South,2005,Office-Huge,Office,401,2,891.98
1750,2024-11-19,2024,4,2024-11,1196,Dr. Elizabeth Johnston DDS,North,2029,Home-Yourself,Home,402,0,43.95
2286,2024-11-19,2024,4,2024-11,1193,Nancy King,South,2051,Home-Century,Home,401,2,172.63
291,2024-11-20,2024,4,2024-11,1079,Zachary Thompson MD,East,2084,Office-Stuff,Office,402,1,369.47
358,2024-11-20,2024,4,2024-11,1116,Melissa Rivera,Central,2020,Electronics-Share,Electronics,404,0,895.74
804,2024-11-20,2024,4,2024-11,1071,Christopher Frost,East,2046,Clothing-Worry,Clothing,402,2,21.87
1113,2024-11-20,2024,4,2024-11,1172,Eric Barr,East,2090,Office-Staff,Office,403,0,1868.12
1244,2024-11-20,2024,4,2024-11,1189,Jennifer Farrell,North,2055,Clothing-Politics,Clothing,401,2,0.0
1269,2024-11-20,2024,4,2024-11,1021,Aaron Burnett,South,2064,Electronics-Stop,Electronics,402,1,1377.12
1636,2024-11-20,2024,4,2024-11,1117,Amanda Lang,North,2096,Office-Discuss,Office,401,3,1851.12
1875,2024-11-20,2024,4,2024-11,1102,Robert Hansen,Central,2052,Office-Year,Office,402,0,1826.5
2074,2024-11-20,2024,4,2024-11,1156,Dennis Acevedo,East,2097,Office-Recent,Office,401,0,511.93
2354,2024-11-20,2024,4,2024-11,1089,Matthew Hernandez,North,2091,Office-Mrs,Office,403,3,4023.23
344,2024-11-21,2024,4,2024-11,1180,Jennifer Smith,South-West,2054,Electronics-Above,Electronics,404,0,1588.72
817,2024-11-21,2024,4,2024-11,1002,Mark Marshall,Central,2079,Office-Who,Office,404,0,2382.86
873,2024-11-21,2024,4,2024-11,1037,Lisa Sanders,West,2089,Electronics-Action,Electronics,401,2,1392.77
2076,2024-11-21,2024,4,2024-11,1172,Eric Barr,East,2098,Clothing-Trouble,Clothing,404,0,1106.47
2200,2024-11-21,2024,4,2024-11,1133,Victor Wagner,South-West,2035,Home-According,Home,404,,870.59
9,2024-11-22,2024,4,2024-11,1063,Howard Case,South-West,2068,Home-Read,Home,403,3,828.83
22,2024-11-22,2024,4,2024-11,1019,Michelle Torres,Central,2070,Clothing-About,Clothing,401,,127.04
95,2024-11-22,2024,4,2024-11,1119,Cameron Hernandez,East,2086,Home-Of,Home,402,,1975.92
445,2024-11-22,2024,4,2024-11,1150,Bobby Hunter,North,2061,Home-Quite,Home,401,3,1988.69
512,2024-11-22,2024,4,2024-11,1005,Jessica Mora,South,2097,Office-Recent,Office,403,3,582.68
700,2024-11-22,2024,4,2024-11,1116,Melissa Rivera,Central,2088,Office-Evening,Office,404,3,1485.4
907,2024-11-22,2024,4,2024-11,1027,Anthony Schroeder,East,2023,Home-Yeah,Home,404,0,1388.95
1032,2024-11-22,2024,4,2024-11,1077,Amy Espinoza,North,2066,Office-Occur,Office,404,0,850.12
1186,2024-11-22,2024,4,2024-11,1187,Kayla Solomon,North,2072,Electronics-Become,Electronics,404,,124.66
1217,2024-11-22,2024,4,2024-11,1003,David Brennan,North,2067,Clothing-Remain,Clothing,402,2,827.06
1338,2024-11-22,2024,4,2024-11,1138,Bonnie Stewart,South,2051,Home-Century,Home,402,2,841.3
1577,2024-11-22,2024,4,2024-11,1005,Jessica Mora,South,2079,Office-Who,Office,402,2,4398.23
1940,2024-11-22,2024,4,2024-11,1060,Mr. Christopher Thompson,South,2088,Office-Evening,Office,404,0,1787.17
1985,2024-11-22,2024,4,2024-11,1074,Alyssa Evans,West,2007,Clothing-Over,Clothing,401,1,1675.45
2005,2024-11-22,2024,4,2024-11,1076,Glenn Shelton,East,2073,Clothing-Executive,Clothing,404,2,1225.92
2152,2024-11-22,2024,4,2024-11,1032,Terri Long,East,2019,Home-History,Home,402,0,1499.94
2165,2024-11-22,2024,4,2024-11,1071,Christopher Frost,East,2013,Office-Cultural,Office,404,2,3048.61
2293,2024-11-22,2024,4,2024-11,1001,John Silva,East,2059,Electronics-Clear,Electronics,401,1,1403.43
370,2024-11-23,2024,4,2024-11,1116,Melissa Rivera,Central,2037,Clothing-Meeting,Clothing,403,2,276.01
526,2024-11-23,2024,4,2024-11,1023,Dustin Medina,East,2014,Clothing-Eat,Clothing,402,1,680.75
555,2024-11-23,2024,4,2024-11,1032,Terri Long,East,2041,Home-Assume,Home,404,1,4530.65
963,2024-11-23,2024,4,2024-11,1023,Dustin Medina,East,2029,Home-Yourself,Home,402,1,32.55
972,2024-11-23,2024,4,2024-11,1066,Derrick Myers,North,2050,Electronics-Young,Electronics,404,2,717.73
1001,2024-11-23,2024,4,2024-11,1111,Ronald Chavez,South-West,2051,Home-Century,Home,402,1,1780.26
1055,2024-11-23,2024,4,2024-11,1070,Brittany Johnson,East,2023,Home-Yeah,Home,403,1,3678.01
1369,2024-11-23,2024,4,2024-11,1103,Megan Chandler,East,2059,Electronics-Clear,Electronics,404,3,97.74
2185,2024-11-23,2024,4,2024-11,1071,Christopher Frost,East,2000,Electronics-Signal,Electronics,401,0,329.95
2346,2024-11-23,2024,4,2024-11,1082,Connor Martin,Central,2009,Office-Raise,Office,404,2,93.07
1258,2024-11-24,2024,4,2024-11,1036,Robert Bishop,South-West,2005,Office-Huge,Office,404,1,79.13
37,2024-11-25,2024,4,2024-11,1032,Terri Long,East,2029,Home-Yourself,Home,402,,55.96
85,2024-11-25,2024,4,2024-11,1037,Lisa Sanders,West,2076,Clothing-Affect,Clothing,402,2,1716.1
464,2024-11-25,2024,4,2024-11,1005,Jessica Mora,South,2010,Electronics-Themselves,Electronics,401,1,1866.6
827,2024-11-25,2024,4,2024-11,1041,David Beltran,East,2013,Office-Cultural,Office,401,0,2258.82
1131,2024-11-25,2024,4,2024-11,1023,Dustin Medina,East,2079,Office-Who,Office,403,1,4969.19
1588,2024-11-25,2024,4,2024-11,1067,Lawrence Pearson,East,2076,Clothing-Affect,Clothing,401,3,1770.45
2127,2024-11-25,2024,4,2024-11,1082,Connor Martin,Central,2014,Clothing-Eat,Clothing,402,0,1819.83
49,2024-11-26,2024,4,2024-11,1063,Howard Case,South-West,2035,Home-According,Home,404,2,3710.95
353,2024-11-26,2024,4,2024-11,1091,Brianna Thomas,South-West,2021,Clothing-Skill,Clothing,402,3,554.37
542,2024-11-26,2024,4,2024-11,1116,Melissa Rivera,Central,2080,Office-Doctor,Office,404,2,1637.62
557,2024-11-26,2024,4,2024-11,1118,Briana Alvarado,South,2036,Electronics-Candidate,Electronics,403,1,841.09
579,2024-11-26,2024,4,2024-11,1136,Scott Hernandez,South,2079,Office-Who,Office,404,3,4672.5
613,2024-11-26,2024,4,2024-11,1003,David Brennan,North,2094,Office-Fight,Office,402,3,1789.05
1229,2024-11-26,2024,4,2024-11,1106,Jennifer Ewing,East,2034,Clothing-Feel,Clothing,402,3,1677.16
2203,2024-11-26,2024,4,2024-11,1147,William Palmer,South-West,2001,Electronics-Boost,Electronics,403,3,1683.37
2207,2024-11-26,2024,4,2024-11,1071,Christopher Frost,East,2078,Electronics-Film,Electronics,401,3,1038.78
279,2024-11-27,2024,4,2024-11,1071,Christopher Frost,East,2056,Office-About,Office,401,,285.16
373,2024-11-27,2024,4,2024-11,1042,Christopher Dodson,North,2013,Office-Cultural,Office,402,3,3552.77
694,2024-11-27,2024,4,2024-11,1066,Derrick Myers,North,2039,Clothing-Need,Clothing,403,1,2154.2
1335,2024-11-27,2024,4,2024-11,1098,Jeffrey Maxwell,West,2039,Clothing-Need,Clothing,404,1,3256.74
1759,2024-11-27,2024,4,2024-11,1089,Matthew Hernandez,North,2093,Home-Real,Home,404,0,733.19
643,2024-11-28,2024,4,2024-11,1066,Derrick Myers,North,2060,Office-Term,Office,401,0,367.55
1368,2024-11-28,2024,4,2024-11,1195,Michael Lee,South-West,2069,Clothing-Garden,Clothing,402,1,738.15
1426,2024-11-28,2024,4,2024-11,1005,Jessica Mora,South,2083,Clothing-Cut,Clothing,402,0,485.67
1434,2024-11-28,2024,4,2024-11,1032,Terri Long,East,2027,Home-Purpose,Home,401,0,297.56
1696,2024-11-28,2024,4,2024-11,1071,Christopher Frost,East,2039,Clothing-Need,Clothing,401,0,4378.84
2341,2024-11-28,2024,4,2024-11,1053,Benjamin Cline,East,2091,Office-Mrs,Office,402,3,4295.41
2353,2024-11-28,2024,4,2024-11,1116,Melissa Rivera,Central,2077,Office-Ball,Office,402,3,1234.57
53,2024-11-29,2024,4,2024-11,1171,Ronald Marquez,South-West,2051,Home-Century,Home,402,1,1091.54
87,2024-11-29,2024,4,2024-11,1195,Michael Lee,South-West,2058,Home-Wear,Home,403,1,505.45
627,2024-11-29,2024,4,2024-11,1135,Christopher Chen,South,2056,Office-About,Office,404,1,647.67
754,2024-11-29,2024,4,2024-11,1036,Robert Bishop,South-West,2053,Home-Ground,Home,401,2,470.38
864,2024-11-29,2024,4,2024-11,1020,Michelle Brewer,East,2046,Clothing-Worry,Clothing,401,2,109.67
914,2024-11-29,2024,4,2024-11,1063,Howard Case,South-West,2093,Home-Real,Home,402,0,1988.8
1267,2024-11-29,2024,4,2024-11,1169,Michael Edwards,South-West,2054,Electronics-Above,Electronics,403,,3390.32
1715,2024-11-29,2024,4,2024-11,1124,Megan Novak,East,2034,Clothing-Feel,Clothing,402,1,901.94
2186,2024-11-29,2024,4,2024-11,1005,Jessica Mora,South,2019,Home-History,Home,404,0,2461.67
240,2024-11-30,2024,4,2024-11,1096,Patricia Rogers,South,2087,Electronics-Rather,Electronics,404,2,1440.56
265,2024-11-30,2024,4,2024-11,1034,Heather Smith,Central,2028,Electronics-Take,Electronics,403,,612.91
345,2024-11-30,2024,4,2024-11,1121,Stephanie Garrison,East,2044,Office-Society,Office,403,2,1393.26
715,2024-11-30,2024,4,2024-11,1121,Stephanie Garrison,East,2039,Clothing-Need,Clothing,404,3,3262.41
1154,2024-11-30,2024,4,2024-11,1165,Richard Burnett,Central,2013,Office-Cultural,Office,401,1,1296.08
1183,2024-11-30,2024,4,2024-11,1153,Michelle Martinez,East,2032,Electronics-There,Electronics,404,2,95.88
1283,2024-11-30,2024,4,2024-11,1144,Brian Browning,East,2066,Office-Occur,Office,404,,1684.5
1350,2024-11-30,2024,4,2024-11,1088,Lindsay Torres,East,2010,Electronics-Themselves,Electronics,403,,635.2
2174,2024-11-30,2024,4,2024-11,1162,Deborah Rice,East,2073,Clothing-Executive,Clothing,402,1,1198.38
668,2024-12-01,2024,4,2024-12,1157,Cheryl Wu,West,2098,Clothing-Trouble,Clothing,403,0,299.99
1009,2024-12-01,2024,4,2024-12,1020,Michelle Brewer,East,2015,Office-Itself,Office,404,2,511.02
1226,2024-12-01,2024,4,2024-12,1005,Jessica Mora,South,2012,Clothing-Artist,Clothing,404,1,261.99
1352,2024-12-01,2024,4,2024-12,1151,Sabrina Lester,West,2021,Clothing-Skill,Clothing,403,1,1964.97
1502,2024-12-01,2024,4,2024-12,1051,Amy Nguyen,Central,2053,Home-Ground,Home,401,2,1610.41
2147,2024-12-01,2024,4,2024-12,1005,Jessica Mora,South,2009,Office-Raise,Office,404,0,122.87
2300,2024-12-01,2024,4,2024-12,1116,Melissa Rivera,Central,2001,Electronics-Boost,Electronics,404,2,690.1
82,2024-12-02,2024,4,2024-12,1013,Alyssa Morgan,North,2097,Office-Recent,Office,402,3,2681.2
127,2024-12-02,2024,4,2024-12,1033,Paul Perkins,East,2090,Office-Staff,Office,402,2,1730.44
367,2024-12-02,2024,4,2024-12,1199,James Cooley,West,2097,Office-Recent,Office,402,3,677.33
368,2024-12-02,2024,4,2024-12,1032,Terri Long,East,2009,Office-Raise,Office,401,0,103.66
531,2024-12-02,2024,4,2024-12,1001,John Silva,East,2063,Home-Good,Home,402,3,911.66
1388,2024-12-02,2024,4,2024-12,1035,Lorraine Rodriguez,East,2097,Office-Recent,Office,402,1,2121.43
1445,2024-12-02,2024,4,2024-12,1032,Terri Long,East,2072,Electronics-Become,Electronics,404,1,190.5
1906,2024-12-02,2024,4,2024-12,1114,Grace Price,South,2039,Clothing-Need,Clothing,401,1,2064.01
2085,2024-12-02,2024,4,2024-12,1034,Heather Smith,Central,2045,Office-Next,Office,402,1,483.42
77,2024-12-03,2024,4,2024-12,1020,Michelle Brewer,East,2055,Clothing-Politics,Clothing,403,0,1925.73
89,2024-12-03,2024,4,2024-12,1025,Garrett Lewis,South,2056,Office-About,Office,401,3,331.1
452,2024-12-03,2024,4,2024-12,1175,Teresa Lopez,West,2058,Home-Wear,Home,401,3,66.42
570,2024-12-03,2024,4,2024-12,1139,Heather Olson,Central,2004,Office-Where,Office,401,2,988.99
595,2024-12-03,2024,4,2024-12,1115,Gina Banks,West,2002,Office-Family,Office,401,2,133.49
704,2024-12-03,2024,4,2024-12,1071,Christopher Frost,East,2055,Clothing-Politics,Clothing,403,2,1535.05
777,2024-12-03,2024,4,2024-12,1071,Christopher Frost,East,2072,Electronics-Become,Electronics,402,,176.85
980,2024-12-03,2024,4,2024-12,1172,Eric Barr,East,2066,Office-Occur,Office,401,1,1295.89
1420,2024-12-03,2024,4,2024-12,1065,Daniel Adams,Central,2049,Office-Easy,Office,401,2,1385.45
1424,2024-12-03,2024,4,2024-12,1178,Katherine Kerr,East,2068,Home-Read,Home,401,0,1007.64
1685,2024-12-03,2024,4,2024-12,1029,Gina Powers,West,2013,Office-Cultural,Office,402,0,1031.36
1959,2024-12-03,2024,4,2024-12,1113,Louis Jones,Central,2061,Home-Quite,Home,402,2,1921.54
2103,2024-12-03,2024,4,2024-12,1045,Dr. Susan Bailey,North,2067,Clothing-Remain,Clothing,403,3,1986.49
2141,2024-12-03,2024,4,2024-12,1065,Daniel Adams,Central,2019,Home-History,Home,401,2,1314.17
2233,2024-12-03,2024,4,2024-12,1032,Terri Long,East,2099,Electronics-Several,Electronics,403,1,1662.78
361,2024-12-04,2024,4,2024-12,1016,Andrea Roberts,East,2038,Office-Soon,Office,403,2,1389.22
377,2024-12-04,2024,4,2024-12,1126,Lee Luna,East,2009,Office-Raise,Office,404,2,17.05
385,2024-12-04,2024,4,2024-12,1001,John Silva,East,2006,Office-Class,Office,404,3,1573.11
622,2024-12-04,2024,4,2024-12,1013,Alyssa Morgan,North,2054,Electronics-Above,Electronics,404,0,2893.57
665,2024-12-04,2024,4,2024-12,1138,Bonnie Stewart,South,2097,Office-Recent,Office,401,0,1915.52
702,2024-12-04,2024,4,2024-12,1101,Ryan Martin,South-West,2016,Home-He,Home,401,2,1011.04
962,2024-12-04,2024,4,2024-12,1198,Chris Allen,South-West,2039,Clothing-Need,Clothing,404,0,1181.92
1225,2024-12-04,2024,4,2024-12,1028,Haley Wagner,West,2023,Home-Yeah,Home,404,,2792.97
1241,2024-12-04,2024,4,2024-12,1137,Jessica Harmon,South-West,2073,Clothing-Executive,Clothing,403,0,1949.74
1466,2024-12-04,2024,4,2024-12,1116,Melissa Rivera,Central,2091,Office-Mrs,Office,402,1,4254.26
1486,2024-12-04,2024,4,2024-12,1102,Robert Hansen,Central,2042,Clothing-Lawyer,Clothing,403,1,1899.56
1991,2024-12-04,2024,4,2024-12,1184,Brittney Chen,East,2083,Clothing-Cut,Clothing,401,1,1303.34
2287,2024-12-04,2024,4,2024-12,1089,Matthew Hernandez,North,2087,Electronics-Rather,Electronics,401,,1465.38
186,2024-12-05,2024,4,2024-12,1144,Brian Browning,East,2013,Office-Cultural,Office,403,0,3126.66
1106,2024-12-05,2024,4,2024-12,1197,William Wilson,West,2041,Home-Assume,Home,404,3,2228.3
1435,2024-12-05,2024,4,2024-12,1017,Brittney Burnett,North,2009,Office-Raise,Office,402,3,60.64
131,2024-12-06,2024,4,2024-12,1089,Matthew Hernandez,North,2082,Office-Figure,Office,402,1,388.32
257,2024-12-06,2024,4,2024-12,1084,Martha Mccall,North,2059,Electronics-Clear,Electronics,402,1,1331.75
402,2024-12-06,2024,4,2024-12,1042,Christopher Dodson,North,2098,Clothing-Trouble,Clothing,401,1,1558.49
1396,2024-12-06,2024,4,2024-12,1047,Ashley Pearson,West,2079,Office-Who,Office,401,1,3065.93
1494,2024-12-06,2024,4,2024-12,1057,Kathy Hall,North,2004,Office-Where,Office,404,1,1630.03
1657,2024-12-06,2024,4,2024-12,1171,Ronald Marquez,South-West,2054,Electronics-Above,Electronics,404,2,4287.09
1768,2024-12-06,2024,4,2024-12,1005,Jessica Mora,South,2029,Home-Yourself,Home,403,2,69.85
1779,2024-12-06,2024,4,2024-12,1032,Terri Long,East,2097,Office-Recent,Office,402,2,4920.99
1790,2024-12-06,2024,4,2024-12,1030,Alice Robinson,East,2058,Home-Wear,Home,403,1,800.94
1858,2024-12-06,2024,4,2024-12,1010,Mike Davis,East,2063,Home-Good,Home,401,3,518.2
2067,2024-12-06,2024,4,2024-12,1054,Laura Mcdonald,South,2007,Clothing-Over,Clothing,401,2,554.69
2068,2024-12-06,2024,4,2024-12,1066,Derrick Myers,North,2014,Clothing-Eat,Clothing,401,1,636.51
2240,2024-12-06,2024,4,2024-12,1115,Gina Banks,West,2047,Clothing-Hair,Clothing,404,,546.87
47,2024-12-07,2024,4,2024-12,1071,Christopher Frost,East,2015,Office-Itself,Office,404,3,1976.39
440,2024-12-07,2024,4,2024-12,1071,Christopher Frost,East,2086,Home-Of,Home,401,0,219.34
549,2024-12-07,2024,4,2024-12,1034,Heather Smith,Central,2076,Clothing-Affect,Clothing,401,0,1544.05
784,2024-12-07,2024,4,2024-12,1066,Derrick Myers,North,2079,Office-Who,Office,404,3,884.91
1050,2024-12-07,2024,4,2024-12,1066,Derrick Myers,North,2064,Electronics-Stop,Electronics,404,0,993.25
1079,2024-12-07,2024,4,2024-12,1141,David Palmer,North,2054,Electronics-Above,Electronics,402,,2481.25
1667,2024-12-07,2024,4,2024-12,1032,Terri Long,East,2023,Home-Yeah,Home,403,2,4879.83
1722,2024-12-07,2024,4,2024-12,1059,Steve Massey,West,2056,Office-About,Office,403,0,170.34
1877,2024-12-07,2024,4,2024-12,1009,Zachary Bell Jr.,East,2023,Home-Yeah,Home,404,1,795.71
130,2024-12-08,2024,4,2024-12,1079,Zachary Thompson MD,East,2028,Electronics-Take,Electronics,403,0,272.35
1900,2024-12-08,2024,4,2024-12,1116,Melissa Rivera,Central,2061,Home-Quite,Home,402,,1552.46
2020,2024-12-08,2024,4,2024-12,1071,Christopher Frost,East,2026,Clothing-Use,Clothing,403,0,1177.34
286,2024-12-09,2024,4,2024-12,1092,Timothy Hill,West,2016,Home-He,Home,404,3,1381.74
803,2024-12-09,2024,4,2024-12,1126,Lee Luna,East,2074,Clothing-Strong,Clothing,404,0,1795.03
1011,2024-12-09,2024,4,2024-12,1004,Kerry Collins,North,2019,Home-History,Home,404,2,2056.21
1127,2024-12-09,2024,4,2024-12,1124,Megan Novak,East,2041,Home-Assume,Home,403,,3596.32
1315,2024-12-09,2024,4,2024-12,1136,Scott Hernandez,South,2096,Office-Discuss,Office,402,1,436.18
1664,2024-12-09,2024,4,2024-12,1044,Anita Huerta,East,2013,Office-Cultural,Office,402,0,3229.61
2053,2024-12-09,2024,4,2024-12,1005,Jessica Mora,South,2091,Office-Mrs,Office,401,3,3437.59
196,2024-12-10,2024,4,2024-12,1013,Alyssa Morgan,North,2054,Electronics-Above,Electronics,404,1,0.0
360,2024-12-10,2024,4,2024-12,1034,Heather Smith,Central,2031,Office-Develop,Office,402,2,250.28
537,2024-12-10,2024,4,2024-12,1020,Michelle Brewer,East,2040,Clothing-Determine,Clothing,403,2,96.0
908,2024-12-10,2024,4,2024-12,1105,Taylor Clarke,Central,2091,Office-Mrs,Office,401,2,2279.11
1195,2024-12-10,2024,4,2024-12,1192,Gregory Medina,East,2046,Clothing-Worry,Clothing,401,1,89.08
1340,2024-12-10,2024,4,2024-12,1071,Christopher Frost,East,2093,Home-Real,Home,403,3,648.45
1580,2024-12-10,2024,4,2024-12,1005,Jessica Mora,South,2093,Home-Real,Home,401,1,587.09
1862,2024-12-10,2024,4,2024-12,1095,Dr. Jason Scott,South,2034,Clothing-Feel,Clothing,403,3,1149.25
2028,2024-12-10,2024,4,2024-12,1005,Jessica Mora,South,2091,Office-Mrs,Office,401,2,3198.13
16,2024-12-11,2024,4,2024-12,1032,Terri Long,East,2021,Clothing-Skill,Clothing,403,3,1861.38
173,2024-12-11,2024,4,2024-12,1043,Eric Pena,West,2074,Clothing-Strong,Clothing,402,2,1149.06
191,2024-12-11,2024,4,2024-12,1173,David King MD,North,2092,Electronics-Add,Electronics,403,1,594.06
231,2024-12-11,2024,4,2024-12,1004,Kerry Collins,North,2035,Home-According,Home,403,,3533.15
779,2024-12-11,2024,4,2024-12,1143,Miss Chelsea Castro DDS,Central,2000,Electronics-Signal,Electronics,404,0,679.85
1072,2024-12-11,2024,4,2024-12,1174,Deborah Saunders,West,2002,Office-Family,Office,404,,1406.11
1441,2024-12-11,2024,4,2024-12,1016,Andrea Roberts,East,2041,Home-Assume,Home,403,1,4576.15
1644,2024-12-11,2024,4,2024-12,1068,Melissa Gutierrez,East,2028,Electronics-Take,Electronics,402,0,370.62
1998,2024-12-11,2024,4,2024-12,1125,Debbie Andrews,West,2017,Electronics-Feeling,Electronics,403,2,374.14
2013,2024-12-11,2024,4,2024-12,1122,Christopher Martinez,East,2013,Office-Cultural,Office,402,2,3669.22
2275,2024-12-11,2024,4,2024-12,1089,Matthew Hernandez,North,2071,Clothing-Success,Clothing,404,,1058.03
886,2024-12-12,2024,4,2024-12,1166,David Mccullough,South-West,2035,Home-According,Home,401,1,0.0
1311,2024-12-12,2024,4,2024-12,1030,Alice Robinson,East,2039,Clothing-Need,Clothing,403,1,1253.23
1849,2024-12-12,2024,4,2024-12,1066,Derrick Myers,North,2083,Clothing-Cut,Clothing,402,0,1772.75
2041,2024-12-12,2024,4,2024-12,1034,Heather Smith,Central,2015,Office-Itself,Office,404,1,1937.28
108,2024-12-13,2024,4,2024-12,1091,Brianna Thomas,South-West,2041,Home-Assume,Home,402,3,1454.48
211,2024-12-13,2024,4,2024-12,1066,Derrick Myers,North,2060,Office-Term,Office,401,1,1543.36
450,2024-12-13,2024,4,2024-12,1032,Terri Long,East,2040,Clothing-Determine,Clothing,404,2,147.82
516,2024-12-13,2024,4,2024-12,1116,Melissa Rivera,Central,2087,Electronics-Rather,Electronics,402,2,1802.35
621,2024-12-13,2024,4,2024-12,1188,Ashley Todd,North,2074,Clothing-Strong,Clothing,402,1,1800.97
767,2024-12-13,2024,4,2024-12,1071,Christopher Frost,East,2054,Electronics-Above,Electronics,404,,4825.01
1609,2024-12-13,2024,4,2024-12,1020,Michelle Brewer,East,2097,Office-Recent,Office,404,2,827.62
1997,2024-12-13,2024,4,2024-12,1083,Jacqueline Bishop,South,2028,Electronics-Take,Electronics,404,0,1644.67
2001,2024-12-13,2024,4,2024-12,1089,Matthew Hernandez,North,2091,Office-Mrs,Office,403,1,3508.67
2014,2024-12-13,2024,4,2024-12,1133,Victor Wagner,South-West,2041,Home-Assume,Home,402,3,4720.47
2018,2024-12-13,2024,4,2024-12,1115,Gina Banks,West,2059,Electronics-Clear,Electronics,401,2,562.25
2033,2024-12-13,2024,4,2024-12,1196,Dr. Elizabeth Johnston DDS,North,2052,Office-Year,Office,401,1,1066.42
2065,2024-12-13,2024,4,2024-12,1034,Heather Smith,Central,2019,Home-History,Home,401,0,2434.4
2158,2024-12-13,2024,4,2024-12,1149,Jordan Elliott,North,2023,Home-Yeah,Home,403,1,529.52
2245,2024-12-13,2024,4,2024-12,1171,Ronald Marquez,South-West,2020,Electronics-Share,Electronics,402,0,1940.76
171,2024-12-14,2024,4,2024-12,1196,Dr. Elizabeth Johnston DDS,North,2055,Clothing-Politics,Clothing,401,1,365.84
197,2024-12-14,2024,4,2024-12,1104,David Herrera,West,2060,Office-Term,Office,404,2,1309.5
409,2024-12-14,2024,4,2024-12,1071,Christopher Frost,East,2092,Electronics-Add,Electronics,403,1,480.54
632,2024-12-14,2024,4,2024-12,1165,Richard Burnett,Central,2060,Office-Term,Office,403,1,1470.66
808,2024-12-14,2024,4,2024-12,1172,Eric Barr,East,2040,Clothing-Determine,Clothing,403,1,115.33
897,2024-12-14,2024,4,2024-12,1012,Tara Miller,North,2079,Office-Who,Office,402,3,1074.07
987,2024-12-14,2024,4,2024-12,1032,Terri Long,East,2044,Office-Society,Office,404,3,0.0
1505,2024-12-14,2024,4,2024-12,1193,Nancy King,South,2036,Electronics-Candidate,Electronics,403,,1931.92
1574,2024-12-14,2024,4,2024-12,1063,Howard Case,South-West,2048,Electronics-Candidate,Electronics,402,0,522.34
2087,2024-12-14,2024,4,2024-12,1017,Brittney Burnett,North,2080,Office-Doctor,Office,403,0,1739.24
42,2024-12-15,2024,4,2024-12,1005,Jessica Mora,South,2022,Home-Economy,Home,403,0,459.86
296,2024-12-15,2024,4,2024-12,1189,Jennifer Farrell,North,2028,Electronics-Take,Electronics,403,2,201.88
333,2024-12-15,2024,4,2024-12,1133,Victor Wagner,South-West,2068,Home-Read,Home,404,1,203.96
1125,2024-12-15,2024,4,2024-12,1132,Scott Winters,West,2097,Office-Recent,Office,402,3,1532.01
1357,2024-12-15,2024,4,2024-12,1068,Melissa Gutierrez,East,2091,Office-Mrs,Office,401,2,4531.19
1451,2024-12-15,2024,4,2024-12,1056,Kristina Wilson,East,2079,Office-Who,Office,402,0,910.3
1728,2024-12-15,2024,4,2024-12,1005,Jessica Mora,South,2099,Electronics-Several,Electronics,404,3,1298.0
2145,2024-12-15,2024,4,2024-12,1116,Melissa Rivera,Central,2054,Electronics-Above,Electronics,401,1,4543.2
1193,2024-12-16,2024,4,2024-12,1081,Ryan White,South,2046,Clothing-Worry,Clothing,402,3,107.68
1736,2024-12-16,2024,4,2024-12,1089,Matthew Hernandez,North,2089,Electronics-Action,Electronics,401,2,592.91
2179,2024-12-16,2024,4,2024-12,1089,Matthew Hernandez,North,2019,Home-History,Home,402,3,4473.15
2282,2024-12-16,2024,4,2024-12,1177,Katherine West,East,2054,Electronics-Above,Electronics,402,0,3337.8
492,2024-12-17,2024,4,2024-12,1191,Kyle Smith Jr.,South,2039,Clothing-Need,Clothing,403,3,1250.64
565,2024-12-17,2024,4,2024-12,1028,Haley Wagner,West,2003,Electronics-Training,Electronics,402,3,1437.96
641,2024-12-17,2024,4,2024-12,1006,Hannah Ray,West,2019,Home-History,Home,403,3,3496.61
759,2024-12-17,2024,4,2024-12,1034,Heather Smith,Central,2066,Office-Occur,Office,402,0,1875.55
1288,2024-12-17,2024,4,2024-12,1165,Richard Burnett,Central,2046,Clothing-Worry,Clothing,403,1,129.93
1785,2024-12-17,2024,4,2024-12,1005,Jessica Mora,South,2037,Clothing-Meeting,Clothing,402,3,1233.52
2194,2024-12-17,2024,4,2024-12,1068,Melissa Gutierrez,East,2009,Office-Raise,Office,404,2,119.33
2305,2024-12-17,2024,4,2024-12,1005,Jessica Mora,South,2042,Clothing-Lawyer,Clothing,403,2,610.94
2365,2024-12-17,2024,4,2024-12,1181,Tiffany Smith,East,2039,Clothing-Need,Clothing,401,2,3478.5
252,2024-12-18,2024,4,2024-12,1165,Richard Burnett,Central,2096,Office-Discuss,Office,403,3,242.28
457,2024-12-18,2024,4,2024-12,1101,Ryan Martin,South-West,2023,Home-Yeah,Home,401,2,3334.38
846,2024-12-18,2024,4,2024-12,1085,Steven Wright,Central,2091,Office-Mrs,Office,402,1,0.0
939,2024-12-18,2024,4,2024-12,1041,David Beltran,East,2046,Clothing-Worry,Clothing,402,2,27.23
1458,2024-12-18,2024,4,2024-12,1016,Andrea Roberts,East,2002,Office-Family,Office,404,2,1007.37
1547,2024-12-18,2024,4,2024-12,1026,Gary Walls,North,2017,Electronics-Feeling,Electronics,402,0,854.1
1570,2024-12-18,2024,4,2024-12,1116,Melissa Rivera,Central,2065,Office-Animal,Office,402,2,764.11
1668,2024-12-18,2024,4,2024-12,1034,Heather Smith,Central,2073,Clothing-Executive,Clothing,401,0,1562.26
2150,2024-12-18,2024,4,2024-12,1110,Melissa Grimes,South,2071,Clothing-Success,Clothing,401,0,1524.65
2238,2024-12-18,2024,4,2024-12,1005,Jessica Mora,South,2009,Office-Raise,Office,404,3,134.96
2337,2024-12-18,2024,4,2024-12,1117,Amanda Lang,North,2068,Home-Read,Home,404,2,271.67
2372,2024-12-18,2024,4,2024-12,1115,Gina Banks,West,2023,Home-Yeah,Home,402,2,4986.14
202,2024-12-19,2024,4,2024-12,1044,Anita Huerta,East,2081,Office-Light,Office,404,2,1355.05
322,2024-12-19,2024,4,2024-12,1089,Matthew Hernandez,North,2078,Electronics-Film,Electronics,402,0,324.25
675,2024-12-19,2024,4,2024-12,1109,Aaron Garcia,East,2019,Home-History,Home,403,2,2929.76
974,2024-12-19,2024,4,2024-12,1198,Chris Allen,South-West,2046,Clothing-Worry,Clothing,404,1,131.52
1159,2024-12-19,2024,4,2024-12,1029,Gina Powers,West,2023,Home-Yeah,Home,401,0,4049.32
1286,2024-12-19,2024,4,2024-12,1089,Matthew Hernandez,North,2079,Office-Who,Office,401,2,3573.55
1680,2024-12-19,2024,4,2024-12,1053,Benjamin Cline,East,2092,Electronics-Add,Electronics,403,2,1292.98
1838,2024-12-19,2024,4,2024-12,1197,William Wilson,West,2079,Office-Who,Office,402,2,866.99
1852,2024-12-19,2024,4,2024-12,1051,Amy Nguyen,Central,2053,Home-Ground,Home,404,,841.43
2029,2024-12-19,2024,4,2024-12,1071,Christopher Frost,East,2007,Clothing-Over,Clothing,401,2,1954.32
2090,2024-12-19,2024,4,2024-12,1160,Phillip Soto,West,2044,Office-Society,Office,401,2,1444.89
329,2024-12-20,2024,4,2024-12,1039,Brandy Good,West,2013,Office-Cultural,Office,404,3,615.81
617,2024-12-20,2024,4,2024-12,1116,Melissa Rivera,Central,2017,Electronics-Feeling,Electronics,404,2,1422.61
619,2024-12-20,2024,4,2024-12,1066,Derrick Myers,North,2042,Clothing-Lawyer,Clothing,401,2,266.38
748,2024-12-20,2024,4,2024-12,1005,Jessica Mora,South,2031,Office-Develop,Office,401,1,754.47
960,2024-12-20,2024,4,2024-12,1032,Terri Long,East,2054,Electronics-Above,Electronics,401,0,3882.56
1086,2024-12-20,2024,4,2024-12,1020,Michelle Brewer,East,2084,Office-Stuff,Office,403,0,1158.46
1097,2024-12-20,2024,4,2024-12,1084,Martha Mccall,North,2054,Electronics-Above,Electronics,402,0,2502.53
1467,2024-12-20,2024,4,2024-12,1062,Ashley Harmon,South,2090,Office-Staff,Office,401,1,1521.3
1825,2024-12-20,2024,4,2024-12,1164,William Ramsey,North,2039,Clothing-Need,Clothing,404,0,2240.86
2051,2024-12-20,2024,4,2024-12,1116,Melissa Rivera,Central,2063,Home-Good,Home,403,1,566.78
2071,2024-12-20,2024,4,2024-12,1081,Ryan White,South,2023,Home-Yeah,Home,402,0,4990.42
2345,2024-12-20,2024,4,2024-12,1005,Jessica Mora,South,2040,Clothing-Determine,Clothing,404,,49.28
2362,2024-12-20,2024,4,2024-12,1194,Casey Brown,Central,2098,Clothing-Trouble,Clothing,404,3,1638.09
66,2024-12-21,2024,4,2024-12,1135,Christopher Chen,South,2070,Clothing-About,Clothing,403,3,45.2
100,2024-12-21,2024,4,2024-12,1023,Dustin Medina,East,2041,Home-Assume,Home,404,1,4444.07
274,2024-12-21,2024,4,2024-12,1187,Kayla Solomon,North,2091,Office-Mrs,Office,403,3,2433.39
433,2024-12-21,2024,4,2024-12,1034,Heather Smith,Central,2026,Clothing-Use,Clothing,403,0,1320.57
563,2024-12-21,2024,4,2024-12,1089,Matthew Hernandez,North,2041,Home-Assume,Home,404,2,3122.27
572,2024-12-21,2024,4,2024-12,1087,Carla Tran,East,2001,Electronics-Boost,Electronics,404,3,696.45
693,2024-12-21,2024,4,2024-12,1071,Christopher Frost,East,2098,Clothing-Trouble,Clothing,402,3,672.83
871,2024-12-21,2024,4,2024-12,1034,Heather Smith,Central,2024,Clothing-Paper,Clothing,404,2,1605.16
981,2024-12-21,2024,4,2024-12,1071,Christopher Frost,East,2069,Clothing-Garden,Clothing,402,1,1907.13
1067,2024-12-21,2024,4,2024-12,1156,Dennis Acevedo,East,2051,Home-Century,Home,401,0,1877.01
1201,2024-12-21,2024,4,2024-12,1107,Emily Hoffman,West,2081,Office-Light,Office,401,1,1031.55
1603,2024-12-21,2024,4,2024-12,1145,Stephanie Powell,East,2054,Electronics-Above,Electronics,401,2,4065.34
1683,2024-12-21,2024,4,2024-12,1186,Timothy Williams,West,2095,Home-Seem,Home,403,0,982.04
1691,2024-12-21,2024,4,2024-12,1034,Heather Smith,Central,2041,Home-Assume,Home,404,1,2150.27
1757,2024-12-21,2024,4,2024-12,1091,Brianna Thomas,South-West,2001,Electronics-Boost,Electronics,403,3,1712.85
2075,2024-12-21,2024,4,2024-12,1023,Dustin Medina,East,2096,Office-Discuss,Office,402,1,443.01
2110,2024-12-21,2024,4,2024-12,1162,Deborah Rice,East,2067,Clothing-Remain,Clothing,403,0,200.23
209,2024-12-22,2024,4,2024-12,1032,Terri Long,East,2058,Home-Wear,Home,402,3,1139.65
1095,2024-12-22,2024,4,2024-12,1038,Jason Ford,East,2083,Clothing-Cut,Clothing,401,1,1995.74
1214,2024-12-22,2024,4,2024-12,1184,Brittney Chen,East,2066,Office-Occur,Office,404,1,1305.51
2348,2024-12-22,2024,4,2024-12,1154,Edward Castillo,North,2039,Clothing-Need,Clothing,403,3,4220.48
115,2024-12-23,2024,4,2024-12,1097,Laura Jones,East,2067,Clothing-Remain,Clothing,403,3,1418.47
1215,2024-12-23,2024,4,2024-12,1133,Victor Wagner,South-West,2062,Office-Receive,Office,402,3,1799.41
1549,2024-12-23,2024,4,2024-12,1020,Michelle Brewer,East,2057,Clothing-Identify,Clothing,402,1,232.34
1938,2024-12-23,2024,4,2024-12,1098,Jeffrey Maxwell,West,2068,Home-Read,Home,403,1,996.66
1942,2024-12-23,2024,4,2024-12,1064,Joshua Cline,East,2022,Home-Economy,Home,403,0,386.69
2215,2024-12-23,2024,4,2024-12,1071,Christopher Frost,East,2075,Electronics-Letter,Electronics,402,0,512.94
2230,2024-12-23,2024,4,2024-12,1039,Brandy Good,West,2058,Home-Wear,Home,403,1,569.21
425,2024-12-24,2024,4,2024-12,1105,Taylor Clarke,Central,2013,Office-Cultural,Office,402,1,2806.89
1053,2024-12-24,2024,4,2024-12,1070,Brittany Johnson,East,2089,Electronics-Action,Electronics,401,3,602.67
1105,2024-12-24,2024,4,2024-12,1130,Mary Sandoval,North,2013,Office-Cultural,Office,403,3,2473.64
1300,2024-12-24,2024,4,2024-12,1116,Melissa Rivera,Central,2091,Office-Mrs,Office,401,3,1165.46
1393,2024-12-24,2024,4,2024-12,1032,Terri Long,East,2019,Home-History,Home,403,1,1185.15
1528,2024-12-24,2024,4,2024-12,1032,Terri Long,East,2054,Electronics-Above,Electronics,404,2,4728.46
1532,2024-12-24,2024,4,2024-12,1073,Matthew Clark,Central,2039,Clothing-Need,Clothing,401,2,2739.55
1700,2024-12-24,2024,4,2024-12,1089,Matthew Hernandez,North,2054,Electronics-Above,Electronics,402,2,978.91
1820,2024-12-24,2024,4,2024-12,1007,David Kim,West,2085,Electronics-Officer,Electronics,401,,611.3
1839,2024-12-24,2024,4,2024-12,1191,Kyle Smith Jr.,South,2060,Office-Term,Office,402,0,1057.69
62,2024-12-25,2024,4,2024-12,1062,Ashley Harmon,South,2011,Electronics-Religious,Electronics,403,1,1161.21
216,2024-12-25,2024,4,2024-12,1172,Eric Barr,East,2006,Office-Class,Office,402,3,1102.53
614,2024-12-25,2024,4,2024-12,1034,Heather Smith,Central,2005,Office-Huge,Office,401,0,818.92
881,2024-12-25,2024,4,2024-12,1160,Phillip Soto,West,2031,Office-Develop,Office,401,3,1391.57
1134,2024-12-25,2024,4,2024-12,1005,Jessica Mora,South,2060,Office-Term,Office,402,,853.12
1234,2024-12-25,2024,4,2024-12,1011,Amanda Myers,West,2049,Office-Easy,Office,404,3,159.42
1834,2024-12-25,2024,4,2024-12,1042,Christopher Dodson,North,2029,Home-Yourself,Home,402,1,133.86
48,2024-12-26,2024,4,2024-12,1113,Louis Jones,Central,2092,Electronics-Add,Electronics,404,3,1500.13
243,2024-12-26,2024,4,2024-12,1098,Jeffrey Maxwell,West,2079,Office-Who,Office,404,1,1263.12
1329,2024-12-26,2024,4,2024-12,1071,Christopher Frost,East,2092,Electronics-Add,Electronics,403,,347.79
1707,2024-12-26,2024,4,2024-12,1052,Brandon Hinton,South-West,2013,Office-Cultural,Office,403,1,1204.63
2217,2024-12-26,2024,4,2024-12,1089,Matthew Hernandez,North,2056,Office-About,Office,402,,1234.15
2310,2024-12-26,2024,4,2024-12,1053,Benjamin Cline,East,2035,Home-According,Home,404,2,3191.71
4,2024-12-27,2024,4,2024-12,1186,Timothy Williams,West,2015,Office-Itself,Office,404,,1275.85
388,2024-12-27,2024,4,2024-12,1131,Mark Gomez,West,2097,Office-Recent,Office,403,1,3308.75
423,2024-12-27,2024,4,2024-12,1035,Lorraine Rodriguez,East,2029,Home-Yourself,Home,401,2,36.17
532,2024-12-27,2024,4,2024-12,1020,Michelle Brewer,East,2071,Clothing-Success,Clothing,402,,1323.89
774,2024-12-27,2024,4,2024-12,1196,Dr. Elizabeth Johnston DDS,North,2001,Electronics-Boost,Electronics,401,1,481.97
921,2024-12-27,2024,4,2024-12,1020,Michelle Brewer,East,2079,Office-Who,Office,401,1,3208.26
938,2024-12-27,2024,4,2024-12,1002,Mark Marshall,Central,2013,Office-Cultural,Office,403,0,2661.91
973,2024-12-27,2024,4,2024-12,1032,Terri Long,East,2091,Office-Mrs,Office,401,3,1460.62
1572,2024-12-27,2024,4,2024-12,1117,Amanda Lang,North,2002,Office-Family,Office,402,0,141.62
1772,2024-12-27,2024,4,2024-12,1080,Thomas Parker,South-West,2089,Electronics-Action,Electronics,402,0,926.36
1792,2024-12-27,2024,4,2024-12,1131,Mark Gomez,West,2057,Clothing-Identify,Clothing,401,2,764.56
1856,2024-12-27,2024,4,2024-12,1071,Christopher Frost,East,2023,Home-Yeah,Home,404,0,4858.96
2236,2024-12-27,2024,4,2024-12,1135,Christopher Chen,South,2074,Clothing-Strong,Clothing,401,2,994.97
2295,2024-12-27,2024,4,2024-12,1061,Taylor Kaufman,North,2023,Home-Yeah,Home,404,1,4992.31
957,2024-12-28,2024,4,2024-12,1032,Terri Long,East,2083,Clothing-Cut,Clothing,404,1,774.38
1187,2024-12-28,2024,4,2024-12,1025,Garrett Lewis,South,2092,Electronics-Add,Electronics,401,2,93.65
1197,2024-12-28,2024,4,2024-12,1024,Andres Avila,Central,2027,Home-Purpose,Home,401,1,1545.41
1385,2024-12-28,2024,4,2024-12,1150,Bobby Hunter,North,2013,Office-Cultural,Office,401,,2646.96
1428,2024-12-28,2024,4,2024-12,1032,Terri Long,East,2089,Electronics-Action,Electronics,404,,1402.93
1595,2024-12-28,2024,4,2024-12,1195,Michael Lee,South-West,2023,Home-Yeah,Home,404,,1457.84
1841,2024-12-28,2024,4,2024-12,1032,Terri Long,East,2065,Office-Animal,Office,403,2,1331.85
1982,2024-12-28,2024,4,2024-12,1077,Amy Espinoza,North,2091,Office-Mrs,Office,402,3,3334.61
1995,2024-12-28,2024,4,2024-12,1122,Christopher Martinez,East,2079,Office-Who,Office,402,1,535.61
2021,2024-12-28,2024,4,2024-12,1137,Jessica Harmon,South-West,2054,Electronics-Above,Electronics,401,0,3277.38
2106,2024-12-28,2024,4,2024-12,1108,Sharon Bautista,Central,2035,Home-According,Home,404,3,763.04
2172,2024-12-28,2024,4,2024-12,1020,Michelle Brewer,East,2019,Home-History,Home,401,1,1644.68
400,2024-12-29,2024,4,2024-12,1010,Mike Davis,East,2041,Home-Assume,Home,404,0,2931.07
437,2024-12-29,2024,4,2024-12,1013,Alyssa Morgan,North,2013,Office-Cultural,Office,401,3,2459.2
454,2024-12-29,2024,4,2024-12,1127,George Edwards,Central,2053,Home-Ground,Home,403,3,400.78
1156,2024-12-29,2024,4,2024-12,1089,Matthew Hernandez,North,2021,Clothing-Skill,Clothing,403,3,1352.06
1614,2024-12-29,2024,4,2024-12,1006,Hannah Ray,West,2019,Home-History,Home,404,2,3334.38
1911,2024-12-29,2024,4,2024-12,1158,Kelly Gallagher,East,2072,Electronics-Become,Electronics,403,2,857.2
2378,2024-12-29,2024,4,2024-12,1162,Deborah Rice,East,2046,Clothing-Worry,Clothing,401,0,39.58
113,2024-12-30,2024,4,2024-12,1168,Denise Gonzales,South,2058,Home-Wear,Home,401,,833.15
289,2024-12-30,2024,4,2024-12,1079,Zachary Thompson MD,East,2035,Home-According,Home,402,3,3934.51
599,2024-12-30,2024,4,2024-12,1071,Christopher Frost,East,2094,Office-Fight,Office,404,1,1931.15
607,2024-12-30,2024,4,2024-12,1116,Melissa Rivera,Central,2013,Office-Cultural,Office,402,0,1022.29
802,2024-12-30,2024,4,2024-12,1005,Jessica Mora,South,2082,Office-Figure,Office,403,3,1439.35
1146,2024-12-30,2024,4,2024-12,1053,Benjamin Cline,East,2035,Home-According,Home,402,1,2639.59
1189,2024-12-30,2024,4,2024-12,1062,Ashley Harmon,South,2006,Office-Class,Office,403,1,902.04
1456,2024-12-30,2024,4,2024-12,1155,Rachel Goodman,North,2023,Home-Yeah,Home,401,3,2318.03
1493,2024-12-30,2024,4,2024-12,1156,Dennis Acevedo,East,2019,Home-History,Home,404,2,3992.34
1654,2024-12-30,2024,4,2024-12,1031,Jessica Frazier,West,2067,Clothing-Remain,Clothing,404,1,63.12
2213,2024-12-30,2024,4,2024-12,1145,Stephanie Powell,East,2020,Electronics-Share,Electronics,404,1,679.57
2243,2024-12-30,2024,4,2024-12,1017,Brittney Burnett,North,2039,Clothing-Need,Clothing,402,2,3038.1
376,2024-12-31,2024,4,2024-12,1186,Timothy Williams,West,2054,Electronics-Above,Electronics,404,0,4704.67
510,2024-12-31,2024,4,2024-12,1034,Heather Smith,Central,2041,Home-Assume,Home,403,0,4475.31
743,2024-12-31,2024,4,2024-12,1088,Lindsay Torres,East,2083,Clothing-Cut,Clothing,404,2,1098.0
768,2024-12-31,2024,4,2024-12,1042,Christopher Dodson,North,2091,Office-Mrs,Office,403,3,4290.97
2251,2024-12-31,2024,4,2024-12,1024,Andres Avila,Central,2091,Office-Mrs,Office,404,1,4957.61
1266,2025-01-01,2025,1,2025-01,1030,Alice Robinson,East,2083,Clothing-Cut,Clothing,403,1,1623.63
152,2025-01-02,2025,1,2025-01,1032,Terri Long,East,2002,Office-Family,Office,402,2,1248.88
1144,2025-01-02,2025,1,2025-01,1065,Daniel Adams,Central,2082,Office-Figure,Office,402,,1474.78
1346,2025-01-02,2025,1,2025-01,1114,Grace Price,South,2090,Office-Staff,Office,402,0,361.63
1355,2025-01-02,2025,1,2025-01,1004,Kerry Collins,North,2029,Home-Yourself,Home,404,0,47.84
1450,2025-01-02,2025,1,2025-01,1110,Melissa Grimes,South,2035,Home-According,Home,403,2,1182.66
1639,2025-01-02,2025,1,2025-01,1129,Karina Jones,East,2019,Home-History,Home,402,1,3873.94
397,2025-01-03,2025,1,2025-01,1077,Amy Espinoza,North,2073,Clothing-Executive,Clothing,403,,1074.52
933,2025-01-03,2025,1,2025-01,1052,Brandon Hinton,South-West,2028,Electronics-Take,Electronics,403,3,501.86
1412,2025-01-03,2025,1,2025-01,1138,Bonnie Stewart,South,2095,Home-Seem,Home,402,1,1594.94
1553,2025-01-03,2025,1,2025-01,1020,Michelle Brewer,East,2023,Home-Yeah,Home,402,1,1440.82
1597,2025-01-03,2025,1,2025-01,1195,Michael Lee,South-West,2018,Electronics-Nature,Electronics,402,2,1928.1
1710,2025-01-03,2025,1,2025-01,1066,Derrick Myers,North,2006,Office-Class,Office,404,3,542.02
1939,2025-01-03,2025,1,2025-01,1196,Dr. Elizabeth Johnston DDS,North,2023,Home-Yeah,Home,401,0,1036.52
2303,2025-01-03,2025,1,2025-01,1032,Terri Long,East,2059,Electronics-Clear,Electronics,404,0,1465.65
554,2025-01-04,2025,1,2025-01,1114,Grace Price,South,2039,Clothing-Need,Clothing,403,0,3900.84
841,2025-01-04,2025,1,2025-01,1032,Terri Long,East,2035,Home-According,Home,401,1,1065.02
1096,2025-01-04,2025,1,2025-01,1137,Jessica Harmon,South-West,2067,Clothing-Remain,Clothing,401,3,430.3
998,2025-01-05,2025,1,2025-01,1030,Alice Robinson,East,2044,Office-Society,Office,404,0,1496.31
1061,2025-01-05,2025,1,2025-01,1116,Melissa Rivera,Central,2046,Clothing-Worry,Clothing,404,1,78.75
1795,2025-01-05,2025,1,2025-01,1089,Matthew Hernandez,North,2006,Office-Class,Office,404,1,1735.81
1966,2025-01-05,2025,1,2025-01,1045,Dr. Susan Bailey,North,2097,Office-Recent,Office,402,0,2989.18
1815,2025-01-06,2025,1,2025-01,1158,Kelly Gallagher,East,2029,Home-Yourself,Home,403,2,21.64
1429,2025-01-07,2025,1,2025-01,1032,Terri Long,East,2079,Office-Who,Office,404,,4450.01
1537,2025-01-07,2025,1,2025-01,1089,Matthew Hernandez,North,2035,Home-According,Home,404,2,1634.5
300,2025-01-08,2025,1,2025-01,1002,Mark Marshall,Central,2000,Electronics-Signal,Electronics,404,2,1083.14
1260,2025-01-08,2025,1,2025-01,1120,Daniel Meyer,South,2032,Electronics-There,Electronics,402,2,1353.44
2100,2025-01-08,2025,1,2025-01,1154,Edward Castillo,North,2045,Office-Next,Office,402,1,829.36
2210,2025-01-08,2025,1,2025-01,1035,Lorraine Rodriguez,East,2088,Office-Evening,Office,404,,1144.02
2316,2025-01-08,2025,1,2025-01,1183,Kenneth Graves,East,2064,Electronics-Stop,Electronics,404,,1027.31
1,2025-01-09,2025,1,2025-01,1020,Michelle Brewer,East,2023,Home-Yeah,Home,401,0,643.02
109,2025-01-09,2025,1,2025-01,1012,Tara Miller,North,2031,Office-Develop,Office,402,1,1542.06
168,2025-01-09,2025,1,2025-01,1130,Mary Sandoval,North,2035,Home-According,Home,402,3,2993.1
1034,2025-01-09,2025,1,2025-01,1160,Phillip Soto,West,2057,Clothing-Identify,Clothing,402,2,812.5
1088,2025-01-09,2025,1,2025-01,1104,David Herrera,West,2019,Home-History,Home,403,2,2481.98
1758,2025-01-09,2025,1,2025-01,1037,Lisa Sanders,West,2021,Clothing-Skill,Clothing,401,2,1531.46
1960,2025-01-09,2025,1,2025-01,1102,Robert Hansen,Central,2099,Electronics-Several,Electronics,401,1,1334.08
603,2025-01-10,2025,1,2025-01,1105,Taylor Clarke,Central,2023,Home-Yeah,Home,401,3,896.1
1616,2025-01-10,2025,1,2025-01,1012,Tara Miller,North,2028,Electronics-Take,Electronics,403,3,1217.73
2220,2025-01-10,2025,1,2025-01,1173,David King MD,North,2097,Office-Recent,Office,401,2,3114.13
2223,2025-01-10,2025,1,2025-01,1016,Andrea Roberts,East,2051,Home-Century,Home,402,3,1320.0
2339,2025-01-10,2025,1,2025-01,1178,Katherine Kerr,East,2035,Home-According,Home,401,1,3949.04
2366,2025-01-10,2025,1,2025-01,1058,Steven Jackson,Central,2041,Home-Assume,Home,401,2,2061.32
133,2025-01-11,2025,1,2025-01,1082,Connor Martin,Central,2080,Office-Doctor,Office,403,0,1281.2
135,2025-01-11,2025,1,2025-01,1023,Dustin Medina,East,2064,Electronics-Stop,Electronics,404,0,1629.14
235,2025-01-11,2025,1,2025-01,1024,Andres Avila,Central,2005,Office-Huge,Office,402,3,1852.11
482,2025-01-11,2025,1,2025-01,1112,Joseph Flores,East,2002,Office-Family,Office,404,1,127.0
1223,2025-01-11,2025,1,2025-01,1162,Deborah Rice,East,2058,Home-Wear,Home,401,3,1010.58
1284,2025-01-11,2025,1,2025-01,1066,Derrick Myers,North,2035,Home-According,Home,403,3,3732.3
1660,2025-01-11,2025,1,2025-01,1029,Gina Powers,West,2040,Clothing-Determine,Clothing,401,2,14.73
1670,2025-01-11,2025,1,2025-01,1032,Terri Long,East,2025,Electronics-Assume,Electronics,404,1,1328.02
1876,2025-01-11,2025,1,2025-01,1089,Matthew Hernandez,North,2056,Office-About,Office,401,,684.69
2007,2025-01-11,2025,1,2025-01,1046,Tyler Colon,Central,2004,Office-Where,Office,404,1,1135.79
2154,2025-01-11,2025,1,2025-01,1116,Melissa Rivera,Central,2070,Clothing-About,Clothing,403,1,47.07
137,2025-01-12,2025,1,2025-01,1032,Terri Long,East,2067,Clothing-Remain,Clothing,402,2,1560.21
717,2025-01-12,2025,1,2025-01,1032,Terri Long,East,2061,Home-Quite,Home,403,1,635.8
737,2025-01-12,2025,1,2025-01,1035,Lorraine Rodriguez,East,2035,Home-According,Home,404,0,4141.15
772,2025-01-12,2025,1,2025-01,1032,Terri Long,East,2013,Office-Cultural,Office,402,3,2921.59
1164,2025-01-12,2025,1,2025-01,1073,Matthew Clark,Central,2097,Office-Recent,Office,403,1,2604.6
1775,2025-01-12,2025,1,2025-01,1007,David Kim,West,2020,Electronics-Share,Electronics,402,0,1136.24
1837,2025-01-12,2025,1,2025-01,1169,Michael Edwards,South-West,2054,Electronics-Above,Electronics,401,3,3588.78
2225,2025-01-12,2025,1,2025-01,1022,Austin Gutierrez,East,2097,Office-Recent,Office,401,0,4480.51
278,2025-01-13,2025,1,2025-01,1020,Michelle Brewer,East,2096,Office-Discuss,Office,402,0,52.12
1254,2025-01-13,2025,1,2025-01,1036,Robert Bishop,South-West,2022,Home-Economy,Home,401,1,966.13
1295,2025-01-13,2025,1,2025-01,1034,Heather Smith,Central,2013,Office-Cultural,Office,404,3,4992.68
1566,2025-01-13,2025,1,2025-01,1034,Heather Smith,Central,2045,Office-Next,Office,403,0,1032.84
1746,2025-01-13,2025,1,2025-01,1020,Michelle Brewer,East,2070,Clothing-About,Clothing,401,0,93.18
1874,2025-01-13,2025,1,2025-01,1006,Hannah Ray,West,2052,Office-Year,Office,403,1,917.18
2246,2025-01-13,2025,1,2025-01,1116,Melissa Rivera,Central,2035,Home-According,Home,401,3,2426.48
290,2025-01-14,2025,1,2025-01,1079,Zachary Thompson MD,East,2093,Home-Real,Home,402,,897.24
2280,2025-01-14,2025,1,2025-01,1005,Jessica Mora,South,2039,Clothing-Need,Clothing,404,,2585.61
136,2025-01-15,2025,1,2025-01,1121,Stephanie Garrison,East,2007,Clothing-Over,Clothing,404,2,214.44
1507,2025-01-15,2025,1,2025-01,1071,Christopher Frost,East,2074,Clothing-Strong,Clothing,403,0,129.06
1747,2025-01-15,2025,1,2025-01,1034,Heather Smith,Central,2039,Clothing-Need,Clothing,403,2,4993.88
2153,2025-01-15,2025,1,2025-01,1197,William Wilson,West,2054,Electronics-Above,Electronics,401,3,2536.53
30,2025-01-16,2025,1,2025-01,1020,Michelle Brewer,East,2013,Office-Cultural,Office,402,0,1199.52
181,2025-01-16,2025,1,2025-01,1137,Jessica Harmon,South-West,2019,Home-History,Home,404,2,3937.36
1684,2025-01-16,2025,1,2025-01,1049,Rebecca Jordan,West,2035,Home-According,Home,401,3,3590.48
315,2025-01-17,2025,1,2025-01,1188,Ashley Todd,North,2035,Home-According,Home,404,1,3166.34
339,2025-01-17,2025,1,2025-01,1121,Stephanie Garrison,East,2041,Home-Assume,Home,404,3,4503.08
1006,2025-01-17,2025,1,2025-01,1199,James Cooley,West,2009,Office-Raise,Office,403,2,89.45
1179,2025-01-17,2025,1,2025-01,1003,David Brennan,North,2023,Home-Yeah,Home,404,0,4819.64
1415,2025-01-17,2025,1,2025-01,1147,William Palmer,South-West,2052,Office-Year,Office,401,3,1403.19
1551,2025-01-17,2025,1,2025-01,1001,John Silva,East,2062,Office-Receive,Office,402,2,1032.22
576,2025-01-18,2025,1,2025-01,1044,Anita Huerta,East,2035,Home-According,Home,404,0,879.81
1248,2025-01-18,2025,1,2025-01,1116,Melissa Rivera,Central,2034,Clothing-Feel,Clothing,402,1,103.23
1558,2025-01-18,2025,1,2025-01,1032,Terri Long,East,2078,Electronics-Film,Electronics,404,2,1856.12
2191,2025-01-18,2025,1,2025-01,1092,Timothy Hill,West,2053,Home-Ground,Home,401,1,1228.59
213,2025-01-19,2025,1,2025-01,1167,Terry Frederick,North,2015,Office-Itself,Office,402,3,1469.32
1688,2025-01-19,2025,1,2025-01,1194,Casey Brown,Central,2031,Office-Develop,Office,402,1,1165.17
1830,2025-01-19,2025,1,2025-01,1199,James Cooley,West,2035,Home-According,Home,403,0,3817.53
366,2025-01-20,2025,1,2025-01,1155,Rachel Goodman,North,2053,Home-Ground,Home,401,0,1580.28
418,2025-01-20,2025,1,2025-01,1157,Cheryl Wu,West,2096,Office-Discuss,Office,402,1,1153.33
1487,2025-01-20,2025,1,2025-01,1014,Cindy Woods,East,2055,Clothing-Politics,Clothing,402,0,772.24
1827,2025-01-20,2025,1,2025-01,1073,Matthew Clark,Central,2040,Clothing-Determine,Clothing,402,,74.19
41,2025-01-21,2025,1,2025-01,1080,Thomas Parker,South-West,2015,Office-Itself,Office,403,3,1409.56
44,2025-01-21,2025,1,2025-01,1023,Dustin Medina,East,2096,Office-Discuss,Office,402,1,337.34
1059,2025-01-21,2025,1,2025-01,1173,David King MD,North,2097,Office-Recent,Office,402,1,4463.4
1360,2025-01-21,2025,1,2025-01,1014,Cindy Woods,East,2025,Electronics-Assume,Electronics,401,0,0.0
1430,2025-01-21,2025,1,2025-01,1129,Karina Jones,East,2017,Electronics-Feeling,Electronics,401,,414.24
1952,2025-01-21,2025,1,2025-01,1059,Steve Massey,West,2059,Electronics-Clear,Electronics,402,1,1459.3
1953,2025-01-21,2025,1,2025-01,1010,Mike Davis,East,2009,Office-Raise,Office,403,0,87.17
1496,2025-01-22,2025,1,2025-01,1032,Terri Long,East,2023,Home-Yeah,Home,401,,1029.73
1599,2025-01-22,2025,1,2025-01,1135,Christopher Chen,South,2013,Office-Cultural,Office,402,2,1058.62
2260,2025-01-22,2025,1,2025-01,1012,Tara Miller,North,2060,Office-Term,Office,401,,529.37
63,2025-01-23,2025,1,2025-01,1126,Lee Luna,East,2023,Home-Yeah,Home,404,2,4461.44
920,2025-01-23,2025,1,2025-01,1197,William Wilson,West,2042,Clothing-Lawyer,Clothing,403,2,1198.38
1263,2025-01-23,2025,1,2025-01,1147,William Palmer,South-West,2034,Clothing-Feel,Clothing,402,2,1179.77
1313,2025-01-23,2025,1,2025-01,1071,Christopher Frost,East,2030,Clothing-First,Clothing,404,3,164.32
1712,2025-01-23,2025,1,2025-01,1081,Ryan White,South,2005,Office-Huge,Office,403,0,630.38
2125,2025-01-23,2025,1,2025-01,1084,Martha Mccall,North,2097,Office-Recent,Office,401,2,1033.21
28,2025-01-24,2025,1,2025-01,1080,Thomas Parker,South-West,2009,Office-Raise,Office,401,0,39.84
411,2025-01-24,2025,1,2025-01,1050,Jeffrey Mclaughlin,East,2062,Office-Receive,Office,403,1,1258.06
758,2025-01-24,2025,1,2025-01,1071,Christopher Frost,East,2021,Clothing-Skill,Clothing,401,2,291.37
1046,2025-01-24,2025,1,2025-01,1195,Michael Lee,South-West,2058,Home-Wear,Home,401,2,1317.27
1228,2025-01-24,2025,1,2025-01,1049,Rebecca Jordan,West,2021,Clothing-Skill,Clothing,402,1,1057.11
1443,2025-01-24,2025,1,2025-01,1116,Melissa Rivera,Central,2088,Office-Evening,Office,403,2,1128.16
1669,2025-01-24,2025,1,2025-01,1168,Denise Gonzales,South,2093,Home-Real,Home,401,1,1922.68
210,2025-01-25,2025,1,2025-01,1005,Jessica Mora,South,2000,Electronics-Signal,Electronics,402,0,1415.75
447,2025-01-25,2025,1,2025-01,1019,Michelle Torres,Central,2022,Home-Economy,Home,404,1,574.7
453,2025-01-25,2025,1,2025-01,1025,Garrett Lewis,South,2070,Clothing-About,Clothing,403,2,75.99
723,2025-01-25,2025,1,2025-01,1022,Austin Gutierrez,East,2013,Office-Cultural,Office,402,0,1346.99
766,2025-01-25,2025,1,2025-01,1116,Melissa Rivera,Central,2046,Clothing-Worry,Clothing,404,1,29.93
904,2025-01-25,2025,1,2025-01,1134,Joseph Aguilar,West,2022,Home-Economy,Home,401,1,1907.34
1194,2025-01-25,2025,1,2025-01,1008,William Ramirez,East,2073,Clothing-Executive,Clothing,401,2,1508.62
1575,2025-01-25,2025,1,2025-01,1005,Jessica Mora,South,2037,Clothing-Meeting,Clothing,402,2,359.26
1972,2025-01-25,2025,1,2025-01,1187,Kayla Solomon,North,2044,Office-Society,Office,402,0,684.47
446,2025-01-26,2025,1,2025-01,1089,Matthew Hernandez,North,2045,Office-Next,Office,401,2,231.37
750,2025-01-26,2025,1,2025-01,1143,Miss Chelsea Castro DDS,Central,2050,Electronics-Young,Electronics,403,3,1393.58
2112,2025-01-26,2025,1,2025-01,1133,Victor Wagner,South-West,2060,Office-Term,Office,402,0,962.5
349,2025-01-27,2025,1,2025-01,1101,Ryan Martin,South-West,2000,Electronics-Signal,Electronics,403,2,260.8
515,2025-01-27,2025,1,2025-01,1175,Teresa Lopez,West,2035,Home-According,Home,402,2,1981.78
1821,2025-01-27,2025,1,2025-01,1020,Michelle Brewer,East,2001,Electronics-Boost,Electronics,402,0,0.0
2271,2025-01-27,2025,1,2025-01,1069,Virginia Warren,North,2035,Home-According,Home,403,0,3555.03
138,2025-01-28,2025,1,2025-01,1089,Matthew Hernandez,North,2019,Home-History,Home,404,1,3122.33
880,2025-01-28,2025,1,2025-01,1034,Heather Smith,Central,2091,Office-Mrs,Office,402,0,3425.44
1062,2025-01-28,2025,1,2025-01,1116,Melissa Rivera,Central,2067,Clothing-Remain,Clothing,402,0,1353.88
1589,2025-01-28,2025,1,2025-01,1156,Dennis Acevedo,East,2017,Electronics-Feeling,Electronics,401,,1626.6
2209,2025-01-28,2025,1,2025-01,1032,Terri Long,East,2003,Electronics-Training,Electronics,403,2,1695.49
2272,2025-01-28,2025,1,2025-01,1071,Christopher Frost,East,2019,Home-History,Home,403,0,3075.33
851,2025-01-29,2025,1,2025-01,1154,Edward Castillo,North,2084,Office-Stuff,Office,402,,1306.57
985,2025-01-29,2025,1,2025-01,1179,Desiree Miller,East,2012,Clothing-Artist,Clothing,401,0,82.03
1303,2025-01-29,2025,1,2025-01,1001,John Silva,East,2006,Office-Class,Office,403,0,1083.06
686,2025-01-30,2025,1,2025-01,1037,Lisa Sanders,West,2091,Office-Mrs,Office,403,0,4573.53
1301,2025-01-30,2025,1,2025-01,1020,Michelle Brewer,East,2093,Home-Real,Home,401,3,1540.51
1310,2025-01-30,2025,1,2025-01,1089,Matthew Hernandez,North,2056,Office-About,Office,402,3,125.61
1748,2025-01-30,2025,1,2025-01,1189,Jennifer Farrell,North,2078,Electronics-Film,Electronics,404,3,1588.9
1892,2025-01-30,2025,1,2025-01,1026,Gary Walls,North,2000,Electronics-Signal,Electronics,404,1,1902.07
2119,2025-01-30,2025,1,2025-01,1111,Ronald Chavez,South-West,2015,Office-Itself,Office,402,2,1882.23
71,2025-01-31,2025,1,2025-01,1020,Michelle Brewer,East,2035,Home-According,Home,401,3,4058.33
92,2025-01-31,2025,1,2025-01,1058,Steven Jackson,Central,2055,Clothing-Politics,Clothing,401,0,1403.3
114,2025-01-31,2025,1,2025-01,1113,Louis Jones,Central,2019,Home-History,Home,403,0,3309.43
236,2025-01-31,2025,1,2025-01,1139,Heather Olson,Central,2004,Office-Where,Office,402,2,453.96
513,2025-01-31,2025,1,2025-01,1077,Amy Espinoza,North,2097,Office-Recent,Office,403,2,4506.81
1150,2025-01-31,2025,1,2025-01,1111,Ronald Chavez,South-West,2022,Home-Economy,Home,401,3,724.68
1686,2025-01-31,2025,1,2025-01,1117,Amanda Lang,North,2096,Office-Discuss,Office,402,,1504.74
1714,2025-01-31,2025,1,2025-01,1097,Laura Jones,East,2095,Home-Seem,Home,403,3,339.46
1850,2025-01-31,2025,1,2025-01,1120,Daniel Meyer,South,2039,Clothing-Need,Clothing,401,1,4801.04
2320,2025-01-31,2025,1,2025-01,1145,Stephanie Powell,East,2049,Office-Easy,Office,402,1,1719.82
74,2025-02-01,2025,1,2025-02,1008,William Ramirez,East,2041,Home-Assume,Home,404,,1690.5
254,2025-02-01,2025,1,2025-02,1034,Heather Smith,Central,2037,Clothing-Meeting,Clothing,404,0,1884.32
520,2025-02-01,2025,1,2025-02,1128,Vincent Day,North,2060,Office-Term,Office,403,3,318.15
571,2025-02-01,2025,1,2025-02,1020,Michelle Brewer,East,2010,Electronics-Themselves,Electronics,401,0,1101.43
658,2025-02-01,2025,1,2025-02,1057,Kathy Hall,North,2037,Clothing-Meeting,Clothing,404,0,1614.75
782,2025-02-01,2025,1,2025-02,1063,Howard Case,South-West,2054,Electronics-Above,Electronics,403,,625.43
997,2025-02-01,2025,1,2025-02,1080,Thomas Parker,South-West,2057,Clothing-Identify,Clothing,402,0,1336.35
1014,2025-02-01,2025,1,2025-02,1043,Eric Pena,West,2054,Electronics-Above,Electronics,401,0,4032.25
1028,2025-02-01,2025,1,2025-02,1066,Derrick Myers,North,2054,Electronics-Above,Electronics,404,0,2425.65
1325,2025-02-01,2025,1,2025-02,1066,Derrick Myers,North,2091,Office-Mrs,Office,401,2,3830.42
2299,2025-02-01,2025,1,2025-02,1005,Jessica Mora,South,2029,Home-Yourself,Home,402,2,144.61
65,2025-02-02,2025,1,2025-02,1125,Debbie Andrews,West,2002,Office-Family,Office,401,3,647.1
793,2025-02-02,2025,1,2025-02,1177,Katherine West,East,2070,Clothing-About,Clothing,403,3,24.68
1635,2025-02-02,2025,1,2025-02,1074,Alyssa Evans,West,2038,Office-Soon,Office,403,0,602.95
1907,2025-02-02,2025,1,2025-02,1089,Matthew Hernandez,North,2079,Office-Who,Office,402,1,669.36
2009,2025-02-02,2025,1,2025-02,1169,Michael Edwards,South-West,2054,Electronics-Above,Electronics,402,0,3040.36
2101,2025-02-02,2025,1,2025-02,1164,William Ramsey,North,2098,Clothing-Trouble,Clothing,401,3,1116.07
2256,2025-02-02,2025,1,2025-02,1082,Connor Martin,Central,2039,Clothing-Need,Clothing,401,0,3596.28
263,2025-02-03,2025,1,2025-02,1044,Anita Huerta,East,2062,Office-Receive,Office,403,2,1257.85
1883,2025-02-03,2025,1,2025-02,1056,Kristina Wilson,East,2028,Electronics-Take,Electronics,402,3,732.52
2268,2025-02-03,2025,1,2025-02,1072,Shannon Schmitt,East,2010,Electronics-Themselves,Electronics,401,1,788.22
166,2025-02-04,2025,1,2025-02,1051,Amy Nguyen,Central,2019,Home-History,Home,404,3,4147.31
536,2025-02-04,2025,1,2025-02,1134,Joseph Aguilar,West,2026,Clothing-Use,Clothing,402,0,1959.73
560,2025-02-04,2025,1,2025-02,1066,Derrick Myers,North,2091,Office-Mrs,Office,404,3,939.44
660,2025-02-04,2025,1,2025-02,1189,Jennifer Farrell,North,2021,Clothing-Skill,Clothing,401,1,1210.17
825,2025-02-04,2025,1,2025-02,1097,Laura Jones,East,2046,Clothing-Worry,Clothing,402,0,109.27
2039,2025-02-04,2025,1,2025-02,1168,Denise Gonzales,South,2080,Office-Doctor,Office,401,1,1538.89
1977,2025-02-05,2025,1,2025-02,1136,Scott Hernandez,South,2021,Clothing-Skill,Clothing,403,0,924.02
2035,2025-02-05,2025,1,2025-02,1082,Connor Martin,Central,2026,Clothing-Use,Clothing,403,2,567.92
983,2025-02-06,2025,1,2025-02,1116,Melissa Rivera,Central,2045,Office-Next,Office,403,3,1541.91
1563,2025-02-06,2025,1,2025-02,1116,Melissa Rivera,Central,2009,Office-Raise,Office,404,0,55.06
1799,2025-02-06,2025,1,2025-02,1023,Dustin Medina,East,2054,Electronics-Above,Electronics,401,3,991.43
64,2025-02-07,2025,1,2025-02,1002,Mark Marshall,Central,2024,Clothing-Paper,Clothing,401,3,1528.42
302,2025-02-07,2025,1,2025-02,1191,Kyle Smith Jr.,South,2019,Home-History,Home,402,3,3055.19
406,2025-02-07,2025,1,2025-02,1066,Derrick Myers,North,2041,Home-Assume,Home,401,3,4199.55
917,2025-02-07,2025,1,2025-02,1056,Kristina Wilson,East,2046,Clothing-Worry,Clothing,401,0,47.69
1298,2025-02-07,2025,1,2025-02,1148,Dean Allison,West,2097,Office-Recent,Office,404,0,3218.41
2304,2025-02-07,2025,1,2025-02,1005,Jessica Mora,South,2038,Office-Soon,Office,404,,56.73
2359,2025-02-07,2025,1,2025-02,1058,Steven Jackson,Central,2041,Home-Assume,Home,401,3,3325.03
259,2025-02-08,2025,1,2025-02,1147,William Palmer,South-West,2097,Office-Recent,Office,402,1,1680.59
1650,2025-02-08,2025,1,2025-02,1068,Melissa Gutierrez,East,2011,Electronics-Religious,Electronics,403,2,622.62
61,2025-02-09,2025,1,2025-02,1187,Kayla Solomon,North,2083,Clothing-Cut,Clothing,403,3,1660.18
483,2025-02-09,2025,1,2025-02,1138,Bonnie Stewart,South,2024,Clothing-Paper,Clothing,402,2,586.88
1174,2025-02-09,2025,1,2025-02,1024,Andres Avila,Central,2040,Clothing-Determine,Clothing,402,2,124.77
1461,2025-02-09,2025,1,2025-02,1034,Heather Smith,Central,2097,Office-Recent,Office,403,2,2461.52
707,2025-02-10,2025,1,2025-02,1126,Lee Luna,East,2023,Home-Yeah,Home,401,1,1312.95
771,2025-02-10,2025,1,2025-02,1169,Michael Edwards,South-West,2043,Electronics-Practice,Electronics,402,2,1399.1
1840,2025-02-10,2025,1,2025-02,1197,William Wilson,West,2029,Home-Yourself,Home,404,1,147.07
1880,2025-02-10,2025,1,2025-02,1100,Michael Simon,East,2013,Office-Cultural,Office,402,3,2047.86
1534,2025-02-11,2025,1,2025-02,1071,Christopher Frost,East,2093,Home-Real,Home,401,1,589.27
439,2025-02-12,2025,1,2025-02,1198,Chris Allen,South-West,2081,Office-Light,Office,404,1,1864.98
976,2025-02-12,2025,1,2025-02,1134,Joseph Aguilar,West,2041,Home-Assume,Home,402,0,2428.4
1181,2025-02-12,2025,1,2025-02,1093,Christian Medina,East,2023,Home-Yeah,Home,404,3,860.04
558,2025-02-13,2025,1,2025-02,1066,Derrick Myers,North,2068,Home-Read,Home,404,3,525.2
912,2025-02-13,2025,1,2025-02,1195,Michael Lee,South-West,2051,Home-Century,Home,404,0,295.94
1091,2025-02-13,2025,1,2025-02,1065,Daniel Adams,Central,2054,Electronics-Above,Electronics,401,2,2781.22
1735,2025-02-13,2025,1,2025-02,1071,Christopher Frost,East,2052,Office-Year,Office,401,1,546.3
250,2025-02-14,2025,1,2025-02,1018,Edwin Garrison,South-West,2076,Clothing-Affect,Clothing,404,3,1591.91
730,2025-02-14,2025,1,2025-02,1075,Joseph Chavez,North,2049,Office-Easy,Office,404,2,1609.52
1422,2025-02-14,2025,1,2025-02,1116,Melissa Rivera,Central,2043,Electronics-Practice,Electronics,402,3,654.14
1846,2025-02-14,2025,1,2025-02,1032,Terri Long,East,2013,Office-Cultural,Office,402,1,3995.81
1933,2025-02-14,2025,1,2025-02,1033,Paul Perkins,East,2097,Office-Recent,Office,403,0,3729.65
2116,2025-02-14,2025,1,2025-02,1090,Nicholas Dunlap,South,2064,Electronics-Stop,Electronics,401,,1354.8
2335,2025-02-14,2025,1,2025-02,1037,Lisa Sanders,West,2005,Office-Huge,Office,402,2,1220.91
179,2025-02-15,2025,1,2025-02,1116,Melissa Rivera,Central,2065,Office-Animal,Office,404,2,225.6
227,2025-02-15,2025,1,2025-02,1050,Jeffrey Mclaughlin,East,2046,Clothing-Worry,Clothing,402,2,125.02
697,2025-02-15,2025,1,2025-02,1116,Melissa Rivera,Central,2063,Home-Good,Home,401,1,1730.78
719,2025-02-15,2025,1,2025-02,1090,Nicholas Dunlap,South,2019,Home-History,Home,401,3,1319.94
945,2025-02-15,2025,1,2025-02,1122,Christopher Martinez,East,2014,Clothing-Eat,Clothing,404,2,679.95
1141,2025-02-15,2025,1,2025-02,1034,Heather Smith,Central,2091,Office-Mrs,Office,401,1,801.72
1299,2025-02-15,2025,1,2025-02,1165,Richard Burnett,Central,2028,Electronics-Take,Electronics,404,0,903.85
1881,2025-02-15,2025,1,2025-02,1090,Nicholas Dunlap,South,2084,Office-Stuff,Office,402,1,1297.88
1896,2025-02-15,2025,1,2025-02,1089,Matthew Hernandez,North,2040,Clothing-Determine,Clothing,401,0,62.64
2055,2025-02-15,2025,1,2025-02,1089,Matthew Hernandez,North,2097,Office-Recent,Office,401,,3222.12
2083,2025-02-15,2025,1,2025-02,1180,Jennifer Smith,South-West,2011,Electronics-Religious,Electronics,402,1,1213.1
13,2025-02-16,2025,1,2025-02,1128,Vincent Day,North,2064,Electronics-Stop,Electronics,401,2,1039.94
2167,2025-02-16,2025,1,2025-02,1005,Jessica Mora,South,2035,Home-According,Home,404,3,962.99
2221,2025-02-16,2025,1,2025-02,1066,Derrick Myers,North,2029,Home-Yourself,Home,404,0,141.17
1459,2025-02-17,2025,1,2025-02,1022,Austin Gutierrez,East,2044,Office-Society,Office,402,2,378.66
1536,2025-02-17,2025,1,2025-02,1094,Robert Jones,West,2046,Clothing-Worry,Clothing,404,2,38.22
1674,2025-02-17,2025,1,2025-02,1190,Elizabeth Robinson,South-West,2028,Electronics-Take,Electronics,402,2,88.14
442,2025-02-18,2025,1,2025-02,1149,Jordan Elliott,North,2040,Clothing-Determine,Clothing,402,1,66.55
770,2025-02-18,2025,1,2025-02,1110,Melissa Grimes,South,2097,Office-Recent,Office,403,2,4908.38
934,2025-02-18,2025,1,2025-02,1122,Christopher Martinez,East,2023,Home-Yeah,Home,404,1,2707.33
1581,2025-02-18,2025,1,2025-02,1034,Heather Smith,Central,2043,Electronics-Practice,Electronics,401,0,618.18
1951,2025-02-18,2025,1,2025-02,1020,Michelle Brewer,East,2054,Electronics-Above,Electronics,404,1,1921.12
2377,2025-02-18,2025,1,2025-02,1141,David Palmer,North,2079,Office-Who,Office,404,0,4389.1
1060,2025-02-19,2025,1,2025-02,1107,Emily Hoffman,West,2007,Clothing-Over,Clothing,403,0,779.93
1132,2025-02-19,2025,1,2025-02,1195,Michael Lee,South-West,2013,Office-Cultural,Office,404,0,1544.52
2306,2025-02-19,2025,1,2025-02,1032,Terri Long,East,2038,Office-Soon,Office,401,3,1367.03
7,2025-02-20,2025,1,2025-02,1005,Jessica Mora,South,2097,Office-Recent,Office,402,0,644.45
935,2025-02-20,2025,1,2025-02,1005,Jessica Mora,South,2029,Home-Yourself,Home,404,1,20.09
1175,2025-02-20,2025,1,2025-02,1100,Michael Simon,East,2044,Office-Society,Office,404,0,1236.62
1304,2025-02-20,2025,1,2025-02,1063,Howard Case,South-West,2099,Electronics-Several,Electronics,402,0,1015.2
1812,2025-02-20,2025,1,2025-02,1034,Heather Smith,Central,2042,Clothing-Lawyer,Clothing,403,3,653.47
2259,2025-02-20,2025,1,2025-02,1082,Connor Martin,Central,2057,Clothing-Identify,Clothing,403,3,535.31
2273,2025-02-20,2025,1,2025-02,1107,Emily Hoffman,West,2062,Office-Receive,Office,404,1,400.61
372,2025-02-21,2025,1,2025-02,1087,Carla Tran,East,2079,Office-Who,Office,404,2,3604.56
893,2025-02-21,2025,1,2025-02,1178,Katherine Kerr,East,2091,Office-Mrs,Office,403,1,1190.71
1069,2025-02-21,2025,1,2025-02,1169,Michael Edwards,South-West,2007,Clothing-Over,Clothing,402,0,187.99
1168,2025-02-21,2025,1,2025-02,1062,Ashley Harmon,South,2054,Electronics-Above,Electronics,403,3,4868.45
1337,2025-02-21,2025,1,2025-02,1099,Lori Howard,East,2020,Electronics-Share,Electronics,403,3,330.77
1871,2025-02-21,2025,1,2025-02,1135,Christopher Chen,South,2021,Clothing-Skill,Clothing,402,0,1120.52
2077,2025-02-21,2025,1,2025-02,1021,Aaron Burnett,South,2070,Clothing-About,Clothing,404,2,15.69
25,2025-02-22,2025,1,2025-02,1089,Matthew Hernandez,North,2039,Clothing-Need,Clothing,404,1,2785.23
165,2025-02-22,2025,1,2025-02,1099,Lori Howard,East,2015,Office-Itself,Office,403,3,1243.16
523,2025-02-22,2025,1,2025-02,1080,Thomas Parker,South-West,2095,Home-Seem,Home,401,3,1761.65
727,2025-02-22,2025,1,2025-02,1141,David Palmer,North,2004,Office-Where,Office,404,3,168.37
795,2025-02-22,2025,1,2025-02,1084,Martha Mccall,North,2048,Electronics-Candidate,Electronics,402,0,193.78
1845,2025-02-22,2025,1,2025-02,1032,Terri Long,East,2035,Home-According,Home,401,1,1090.4
2197,2025-02-22,2025,1,2025-02,1167,Terry Frederick,North,2013,Office-Cultural,Office,403,2,1908.29
2330,2025-02-22,2025,1,2025-02,1020,Michelle Brewer,East,2027,Home-Purpose,Home,403,0,894.85
1185,2025-02-23,2025,1,2025-02,1066,Derrick Myers,North,2016,Home-He,Home,402,3,723.5
2367,2025-02-23,2025,1,2025-02,1149,Jordan Elliott,North,2049,Office-Easy,Office,401,1,1599.68
809,2025-02-24,2025,1,2025-02,1002,Mark Marshall,Central,2036,Electronics-Candidate,Electronics,403,3,1652.63
1048,2025-02-24,2025,1,2025-02,1071,Christopher Frost,East,2071,Clothing-Success,Clothing,404,1,656.24
1135,2025-02-24,2025,1,2025-02,1009,Zachary Bell Jr.,East,2070,Clothing-About,Clothing,404,2,115.71
1238,2025-02-24,2025,1,2025-02,1092,Timothy Hill,West,2057,Clothing-Identify,Clothing,402,3,756.3
1452,2025-02-24,2025,1,2025-02,1069,Virginia Warren,North,2015,Office-Itself,Office,401,3,946.04
1762,2025-02-24,2025,1,2025-02,1019,Michelle Torres,Central,2035,Home-According,Home,402,3,2917.7
1908,2025-02-24,2025,1,2025-02,1144,Brian Browning,East,2023,Home-Yeah,Home,404,0,3044.45
112,2025-02-25,2025,1,2025-02,1190,Elizabeth Robinson,South-West,2091,Office-Mrs,Office,403,0,1496.97
224,2025-02-25,2025,1,2025-02,1193,Nancy King,South,2031,Office-Develop,Office,402,1,1562.25
1949,2025-02-25,2025,1,2025-02,1068,Melissa Gutierrez,East,2091,Office-Mrs,Office,404,1,2114.12
2169,2025-02-25,2025,1,2025-02,1068,Melissa Gutierrez,East,2029,Home-Yourself,Home,403,,24.83
2198,2025-02-25,2025,1,2025-02,1023,Dustin Medina,East,2035,Home-According,Home,402,0,646.26
394,2025-02-26,2025,1,2025-02,1032,Terri Long,East,2081,Office-Light,Office,403,1,1930.37
818,2025-02-26,2025,1,2025-02,1052,Brandon Hinton,South-West,2035,Home-According,Home,403,3,3087.91
1278,2025-02-26,2025,1,2025-02,1018,Edwin Garrison,South-West,2096,Office-Discuss,Office,403,0,1787.68
1504,2025-02-26,2025,1,2025-02,1100,Michael Simon,East,2075,Electronics-Letter,Electronics,402,0,1452.26
2253,2025-02-26,2025,1,2025-02,1184,Brittney Chen,East,2035,Home-According,Home,404,3,1842.21
323,2025-02-27,2025,1,2025-02,1089,Matthew Hernandez,North,2019,Home-History,Home,403,2,3619.29
495,2025-02-27,2025,1,2025-02,1115,Gina Banks,West,2050,Electronics-Young,Electronics,401,2,1059.34
550,2025-02-27,2025,1,2025-02,1020,Michelle Brewer,East,2026,Clothing-Use,Clothing,403,2,672.34
1085,2025-02-27,2025,1,2025-02,1033,Paul Perkins,East,2035,Home-According,Home,403,1,1831.21
1594,2025-02-27,2025,1,2025-02,1004,Kerry Collins,North,2024,Clothing-Paper,Clothing,401,1,825.77
2290,2025-02-27,2025,1,2025-02,1089,Matthew Hernandez,North,2059,Electronics-Clear,Electronics,401,3,1870.47
58,2025-02-28,2025,1,2025-02,1116,Melissa Rivera,Central,2013,Office-Cultural,Office,401,3,3717.57
1190,2025-02-28,2025,1,2025-02,1070,Brittany Johnson,East,2005,Office-Huge,Office,404,2,844.01
1397,2025-02-28,2025,1,2025-02,1172,Eric Barr,East,2039,Clothing-Need,Clothing,403,0,1534.15
1478,2025-02-28,2025,1,2025-02,1039,Brandy Good,West,2048,Electronics-Candidate,Electronics,403,3,1288.65
2044,2025-02-28,2025,1,2025-02,1056,Kristina Wilson,East,2027,Home-Purpose,Home,404,3,1667.33
2122,2025-02-28,2025,1,2025-02,1071,Christopher Frost,East,2036,Electronics-Candidate,Electronics,403,1,637.78
2146,2025-02-28,2025,1,2025-02,1145,Stephanie Powell,East,2001,Electronics-Boost,Electronics,401,2,825.17
2155,2025-02-28,2025,1,2025-02,1005,Jessica Mora,South,2000,Electronics-Signal,Electronics,404,0,1015.57
430,2025-03-01,2025,1,2025-03,1116,Melissa Rivera,Central,2069,Clothing-Garden,Clothing,401,3,772.24
805,2025-03-01,2025,1,2025-03,1132,Scott Winters,West,2074,Clothing-Strong,Clothing,401,2,961.72
1416,2025-03-01,2025,1,2025-03,1129,Karina Jones,East,2063,Home-Good,Home,402,2,841.93
1611,2025-03-01,2025,1,2025-03,1049,Rebecca Jordan,West,2051,Home-Century,Home,402,2,580.21
2201,2025-03-01,2025,1,2025-03,1089,Matthew Hernandez,North,2032,Electronics-There,Electronics,404,1,806.01
17,2025-03-02,2025,1,2025-03,1182,James Gray,West,2040,Clothing-Determine,Clothing,404,3,41.46
217,2025-03-02,2025,1,2025-03,1035,Lorraine Rodriguez,East,2037,Clothing-Meeting,Clothing,402,2,1556.45
1526,2025-03-02,2025,1,2025-03,1020,Michelle Brewer,East,2070,Clothing-About,Clothing,403,2,66.51
1107,2025-03-03,2025,1,2025-03,1010,Mike Davis,East,2094,Office-Fight,Office,402,2,1250.18
1364,2025-03-03,2025,1,2025-03,1005,Jessica Mora,South,2075,Electronics-Letter,Electronics,403,2,539.35
1770,2025-03-03,2025,1,2025-03,1171,Ronald Marquez,South-West,2070,Clothing-About,Clothing,401,3,81.75
507,2025-03-04,2025,1,2025-03,1028,Haley Wagner,West,2031,Office-Develop,Office,402,2,1402.9
810,2025-03-04,2025,1,2025-03,1116,Melissa Rivera,Central,2029,Home-Yourself,Home,402,1,82.22
1209,2025-03-04,2025,1,2025-03,1028,Haley Wagner,West,2046,Clothing-Worry,Clothing,404,1,121.38
1828,2025-03-04,2025,1,2025-03,1085,Steven Wright,Central,2029,Home-Yourself,Home,402,0,39.75
68,2025-03-05,2025,1,2025-03,1025,Garrett Lewis,South,2037,Clothing-Meeting,Clothing,402,2,1091.56
234,2025-03-05,2025,1,2025-03,1005,Jessica Mora,South,2060,Office-Term,Office,401,1,1698.39
242,2025-03-05,2025,1,2025-03,1066,Derrick Myers,North,2091,Office-Mrs,Office,404,0,918.79
1387,2025-03-05,2025,1,2025-03,1082,Connor Martin,Central,2072,Electronics-Become,Electronics,401,0,1441.65
2061,2025-03-05,2025,1,2025-03,1033,Paul Perkins,East,2023,Home-Yeah,Home,401,0,1314.88
2126,2025-03-05,2025,1,2025-03,1107,Emily Hoffman,West,2023,Home-Yeah,Home,404,3,1050.26
2391,2025-03-05,2025,1,2025-03,1104,David Herrera,West,2083,Clothing-Cut,Clothing,401,3,1330.26
122,2025-03-06,2025,1,2025-03,1089,Matthew Hernandez,North,2023,Home-Yeah,Home,404,,4873.15
276,2025-03-06,2025,1,2025-03,1032,Terri Long,East,2023,Home-Yeah,Home,404,3,3598.66
287,2025-03-06,2025,1,2025-03,1197,William Wilson,West,2039,Clothing-Need,Clothing,401,,4651.61
1129,2025-03-06,2025,1,2025-03,1003,David Brennan,North,2069,Clothing-Garden,Clothing,402,3,1231.1
1221,2025-03-06,2025,1,2025-03,1025,Garrett Lewis,South,2006,Office-Class,Office,403,0,276.99
1237,2025-03-06,2025,1,2025-03,1135,Christopher Chen,South,2088,Office-Evening,Office,401,0,1413.54
2081,2025-03-06,2025,1,2025-03,1105,Taylor Clarke,Central,2054,Electronics-Above,Electronics,404,2,4507.57
2336,2025-03-06,2025,1,2025-03,1071,Christopher Frost,East,2002,Office-Family,Office,404,2,493.35
432,2025-03-07,2025,1,2025-03,1021,Aaron Burnett,South,2097,Office-Recent,Office,404,0,4052.4
667,2025-03-07,2025,1,2025-03,1125,Debbie Andrews,West,2087,Electronics-Rather,Electronics,404,1,813.2
673,2025-03-07,2025,1,2025-03,1157,Cheryl Wu,West,2079,Office-Who,Office,402,0,2911.25
869,2025-03-07,2025,1,2025-03,1164,William Ramsey,North,2046,Clothing-Worry,Clothing,404,1,50.74
1080,2025-03-07,2025,1,2025-03,1005,Jessica Mora,South,2004,Office-Where,Office,403,3,1931.94
1690,2025-03-07,2025,1,2025-03,1025,Garrett Lewis,South,2013,Office-Cultural,Office,404,1,4369.3
1763,2025-03-07,2025,1,2025-03,1125,Debbie Andrews,West,2079,Office-Who,Office,401,3,1593.03
2084,2025-03-07,2025,1,2025-03,1038,Jason Ford,East,2050,Electronics-Young,Electronics,402,,1780.12
2211,2025-03-07,2025,1,2025-03,1139,Heather Olson,Central,2087,Electronics-Rather,Electronics,404,,414.3
305,2025-03-08,2025,1,2025-03,1118,Briana Alvarado,South,2019,Home-History,Home,401,2,3635.95
364,2025-03-08,2025,1,2025-03,1152,Thomas Garcia,East,2084,Office-Stuff,Office,401,0,275.79
500,2025-03-08,2025,1,2025-03,1111,Ronald Chavez,South-West,2015,Office-Itself,Office,402,0,1282.78
530,2025-03-08,2025,1,2025-03,1160,Phillip Soto,West,2023,Home-Yeah,Home,402,,554.93
740,2025-03-08,2025,1,2025-03,1132,Scott Winters,West,2010,Electronics-Themselves,Electronics,403,1,816.87
1042,2025-03-08,2025,1,2025-03,1106,Jennifer Ewing,East,2038,Office-Soon,Office,403,3,783.13
1176,2025-03-08,2025,1,2025-03,1087,Carla Tran,East,2000,Electronics-Signal,Electronics,404,1,416.54
1544,2025-03-08,2025,1,2025-03,1107,Emily Hoffman,West,2000,Electronics-Signal,Electronics,404,0,1455.72
1882,2025-03-08,2025,1,2025-03,1179,Desiree Miller,East,2066,Office-Occur,Office,402,,973.68
2224,2025-03-08,2025,1,2025-03,1134,Joseph Aguilar,West,2009,Office-Raise,Office,401,2,35.74
2333,2025-03-08,2025,1,2025-03,1125,Debbie Andrews,West,2097,Office-Recent,Office,401,3,4790.03
830,2025-03-09,2025,1,2025-03,1063,Howard Case,South-West,2030,Clothing-First,Clothing,402,3,78.39
1893,2025-03-09,2025,1,2025-03,1082,Connor Martin,Central,2019,Home-History,Home,402,1,757.99
298,2025-03-10,2025,1,2025-03,1022,Austin Gutierrez,East,2001,Electronics-Boost,Electronics,403,2,523.04
1806,2025-03-10,2025,1,2025-03,1103,Megan Chandler,East,2023,Home-Yeah,Home,401,2,4467.42
88,2025-03-11,2025,1,2025-03,1032,Terri Long,East,2048,Electronics-Candidate,Electronics,404,1,122.19
485,2025-03-11,2025,1,2025-03,1187,Kayla Solomon,North,2013,Office-Cultural,Office,403,1,785.04
548,2025-03-11,2025,1,2025-03,1066,Derrick Myers,North,2066,Office-Occur,Office,402,0,1441.67
1173,2025-03-11,2025,1,2025-03,1116,Melissa Rivera,Central,2046,Clothing-Worry,Clothing,404,3,126.39
1270,2025-03-11,2025,1,2025-03,1089,Matthew Hernandez,North,2099,Electronics-Several,Electronics,402,0,757.18
1423,2025-03-11,2025,1,2025-03,1055,William Benitez,East,2012,Clothing-Artist,Clothing,401,0,916.64
2015,2025-03-11,2025,1,2025-03,1192,Gregory Medina,East,2085,Electronics-Officer,Electronics,404,3,1826.14
2379,2025-03-11,2025,1,2025-03,1117,Amanda Lang,North,2046,Clothing-Worry,Clothing,403,2,123.26
547,2025-03-12,2025,1,2025-03,1113,Louis Jones,Central,2061,Home-Quite,Home,402,3,1071.07
1380,2025-03-12,2025,1,2025-03,1057,Kathy Hall,North,2041,Home-Assume,Home,403,3,4026.58
266,2025-03-13,2025,1,2025-03,1197,William Wilson,West,2070,Clothing-About,Clothing,401,2,125.26
756,2025-03-13,2025,1,2025-03,1184,Brittney Chen,East,2016,Home-He,Home,402,3,1351.08
1242,2025-03-13,2025,1,2025-03,1131,Mark Gomez,West,2011,Electronics-Religious,Electronics,404,1,1545.87
1510,2025-03-13,2025,1,2025-03,1099,Lori Howard,East,2042,Clothing-Lawyer,Clothing,402,1,887.53
1638,2025-03-13,2025,1,2025-03,1016,Andrea Roberts,East,2084,Office-Stuff,Office,404,3,342.34
2049,2025-03-13,2025,1,2025-03,1164,William Ramsey,North,2039,Clothing-Need,Clothing,404,2,3354.31
2199,2025-03-13,2025,1,2025-03,1019,Michelle Torres,Central,2079,Office-Who,Office,401,3,1821.2
435,2025-03-14,2025,1,2025-03,1094,Robert Jones,West,2061,Home-Quite,Home,403,2,826.35
480,2025-03-14,2025,1,2025-03,1152,Thomas Garcia,East,2019,Home-History,Home,402,0,2022.9
575,2025-03-14,2025,1,2025-03,1157,Cheryl Wu,West,2041,Home-Assume,Home,401,1,3825.35
591,2025-03-14,2025,1,2025-03,1000,Robert Gomez,West,2088,Office-Evening,Office,404,2,640.51
698,2025-03-14,2025,1,2025-03,1126,Lee Luna,East,2055,Clothing-Politics,Clothing,402,2,419.26
1463,2025-03-14,2025,1,2025-03,1189,Jennifer Farrell,North,2097,Office-Recent,Office,404,1,4134.78
1500,2025-03-14,2025,1,2025-03,1115,Gina Banks,West,2054,Electronics-Above,Electronics,404,1,0.0
1501,2025-03-14,2025,1,2025-03,1106,Jennifer Ewing,East,2054,Electronics-Above,Electronics,402,,2807.53
1751,2025-03-14,2025,1,2025-03,1103,Megan Chandler,East,2016,Home-He,Home,402,2,155.68
1786,2025-03-14,2025,1,2025-03,1138,Bonnie Stewart,South,2071,Clothing-Success,Clothing,401,3,191.66
1894,2025-03-14,2025,1,2025-03,1058,Steven Jackson,Central,2092,Electronics-Add,Electronics,404,3,1474.47
2096,2025-03-14,2025,1,2025-03,1033,Paul Perkins,East,2019,Home-History,Home,404,3,2488.99
2219,2025-03-14,2025,1,2025-03,1189,Jennifer Farrell,North,2097,Office-Recent,Office,401,0,2196.07
43,2025-03-15,2025,1,2025-03,1082,Connor Martin,Central,2056,Office-About,Office,402,1,603.38
142,2025-03-15,2025,1,2025-03,1138,Bonnie Stewart,South,2067,Clothing-Remain,Clothing,401,1,350.79
355,2025-03-15,2025,1,2025-03,1066,Derrick Myers,North,2059,Electronics-Clear,Electronics,401,0,429.36
628,2025-03-15,2025,1,2025-03,1089,Matthew Hernandez,North,2098,Clothing-Trouble,Clothing,401,2,374.41
773,2025-03-15,2025,1,2025-03,1019,Michelle Torres,Central,2085,Electronics-Officer,Electronics,404,2,783.93
789,2025-03-15,2025,1,2025-03,1116,Melissa Rivera,Central,2032,Electronics-There,Electronics,403,3,318.46
811,2025-03-15,2025,1,2025-03,1184,Brittney Chen,East,2043,Electronics-Practice,Electronics,401,1,1886.76
839,2025-03-15,2025,1,2025-03,1005,Jessica Mora,South,2036,Electronics-Candidate,Electronics,401,2,451.34
1433,2025-03-15,2025,1,2025-03,1020,Michelle Brewer,East,2001,Electronics-Boost,Electronics,403,1,525.17
1738,2025-03-15,2025,1,2025-03,1016,Andrea Roberts,East,2094,Office-Fight,Office,404,0,297.22
1948,2025-03-15,2025,1,2025-03,1065,Daniel Adams,Central,2023,Home-Yeah,Home,404,1,4449.42
2163,2025-03-15,2025,1,2025-03,1023,Dustin Medina,East,2039,Clothing-Need,Clothing,401,2,2267.7
2325,2025-03-15,2025,1,2025-03,1135,Christopher Chen,South,2037,Clothing-Meeting,Clothing,401,3,547.94
75,2025-03-16,2025,1,2025-03,1050,Jeffrey Mclaughlin,East,2069,Clothing-Garden,Clothing,402,2,189.25
1640,2025-03-16,2025,1,2025-03,1174,Deborah Saunders,West,2051,Home-Century,Home,402,1,1406.23
1725,2025-03-16,2025,1,2025-03,1108,Sharon Bautista,Central,2064,Electronics-Stop,Electronics,402,3,1998.14
1727,2025-03-16,2025,1,2025-03,1090,Nicholas Dunlap,South,2063,Home-Good,Home,402,2,1626.54
1807,2025-03-16,2025,1,2025-03,1065,Daniel Adams,Central,2030,Clothing-First,Clothing,403,1,167.93
1895,2025-03-16,2025,1,2025-03,1089,Matthew Hernandez,North,2019,Home-History,Home,402,0,2426.54
140,2025-03-17,2025,1,2025-03,1171,Ronald Marquez,South-West,2094,Office-Fight,Office,401,3,85.55
499,2025-03-17,2025,1,2025-03,1066,Derrick Myers,North,2038,Office-Soon,Office,401,3,159.05
732,2025-03-17,2025,1,2025-03,1126,Lee Luna,East,2029,Home-Yourself,Home,401,2,59.99
1361,2025-03-17,2025,1,2025-03,1034,Heather Smith,Central,2049,Office-Easy,Office,403,1,434.73
1408,2025-03-17,2025,1,2025-03,1190,Elizabeth Robinson,South-West,2054,Electronics-Above,Electronics,401,3,2950.66
1984,2025-03-17,2025,1,2025-03,1005,Jessica Mora,South,2041,Home-Assume,Home,402,0,1127.93
313,2025-03-18,2025,1,2025-03,1182,James Gray,West,2069,Clothing-Garden,Clothing,404,2,400.64
1114,2025-03-18,2025,1,2025-03,1142,Marvin Hamilton,North,2080,Office-Doctor,Office,401,0,1193.37
1136,2025-03-18,2025,1,2025-03,1080,Thomas Parker,South-West,2030,Clothing-First,Clothing,403,3,1724.37
34,2025-03-19,2025,1,2025-03,1091,Brianna Thomas,South-West,2035,Home-According,Home,401,3,3872.65
134,2025-03-19,2025,1,2025-03,1090,Nicholas Dunlap,South,2039,Clothing-Need,Clothing,404,0,1791.85
187,2025-03-19,2025,1,2025-03,1176,Ashley Williams,East,2076,Clothing-Affect,Clothing,404,1,1187.87
249,2025-03-19,2025,1,2025-03,1017,Brittney Burnett,North,2052,Office-Year,Office,404,2,1334.39
470,2025-03-19,2025,1,2025-03,1048,Dr. Donald Proctor,North,2071,Clothing-Success,Clothing,404,1,1309.68
680,2025-03-19,2025,1,2025-03,1124,Megan Novak,East,2055,Clothing-Politics,Clothing,404,0,581.79
854,2025-03-19,2025,1,2025-03,1068,Melissa Gutierrez,East,2095,Home-Seem,Home,404,0,1641.96
2195,2025-03-19,2025,1,2025-03,1099,Lori Howard,East,2057,Clothing-Identify,Clothing,401,2,770.96
111,2025-03-20,2025,1,2025-03,1034,Heather Smith,Central,2054,Electronics-Above,Electronics,402,0,735.8
456,2025-03-20,2025,1,2025-03,1121,Stephanie Garrison,East,2022,Home-Economy,Home,404,2,635.07
544,2025-03-20,2025,1,2025-03,1090,Nicholas Dunlap,South,2023,Home-Yeah,Home,403,2,3319.3
712,2025-03-20,2025,1,2025-03,1140,Carla Flores,East,2048,Electronics-Candidate,Electronics,401,1,1553.21
1240,2025-03-20,2025,1,2025-03,1015,Jennifer Rodgers,North,2065,Office-Animal,Office,403,,112.56
1559,2025-03-20,2025,1,2025-03,1050,Jeffrey Mclaughlin,East,2048,Electronics-Candidate,Electronics,404,0,297.22
2173,2025-03-20,2025,1,2025-03,1138,Bonnie Stewart,South,2075,Electronics-Letter,Electronics,402,0,1108.33
2390,2025-03-20,2025,1,2025-03,1032,Terri Long,East,2039,Clothing-Need,Clothing,404,2,1079.93
146,2025-03-21,2025,1,2025-03,1020,Michelle Brewer,East,2091,Office-Mrs,Office,403,0,2821.59
1126,2025-03-21,2025,1,2025-03,1084,Martha Mccall,North,2070,Clothing-About,Clothing,402,0,115.72
1485,2025-03-21,2025,1,2025-03,1037,Lisa Sanders,West,2028,Electronics-Take,Electronics,402,1,1409.89
2228,2025-03-21,2025,1,2025-03,1166,David Mccullough,South-West,2041,Home-Assume,Home,403,3,865.5
2312,2025-03-21,2025,1,2025-03,1005,Jessica Mora,South,2055,Clothing-Politics,Clothing,403,1,1951.95
2327,2025-03-21,2025,1,2025-03,1051,Amy Nguyen,Central,2068,Home-Read,Home,404,,1681.17
3,2025-03-22,2025,1,2025-03,1087,Carla Tran,East,2035,Home-According,Home,403,3,4313.72
194,2025-03-22,2025,1,2025-03,1073,Matthew Clark,Central,2010,Electronics-Themselves,Electronics,403,2,467.27
232,2025-03-22,2025,1,2025-03,1027,Anthony Schroeder,East,2067,Clothing-Remain,Clothing,402,2,571.28
270,2025-03-22,2025,1,2025-03,1136,Scott Hernandez,South,2097,Office-Recent,Office,402,2,1703.04
316,2025-03-22,2025,1,2025-03,1151,Sabrina Lester,West,2054,Electronics-Above,Electronics,402,1,4146.81
684,2025-03-22,2025,1,2025-03,1149,Jordan Elliott,North,2095,Home-Seem,Home,402,1,391.55
747,2025-03-22,2025,1,2025-03,1144,Brian Browning,East,2080,Office-Doctor,Office,402,2,1639.4
878,2025-03-22,2025,1,2025-03,1181,Tiffany Smith,East,2029,Home-Yourself,Home,402,3,30.28
1213,2025-03-22,2025,1,2025-03,1020,Michelle Brewer,East,2032,Electronics-There,Electronics,402,,640.77
2042,2025-03-22,2025,1,2025-03,1030,Alice Robinson,East,2096,Office-Discuss,Office,404,2,1543.05
2351,2025-03-22,2025,1,2025-03,1005,Jessica Mora,South,2097,Office-Recent,Office,401,1,619.49
354,2025-03-23,2025,1,2025-03,1046,Tyler Colon,Central,2042,Clothing-Lawyer,Clothing,401,1,648.82
2161,2025-03-23,2025,1,2025-03,1053,Benjamin Cline,East,2096,Office-Discuss,Office,402,1,530.27
269,2025-03-24,2025,1,2025-03,1089,Matthew Hernandez,North,2078,Electronics-Film,Electronics,404,1,1636.38
615,2025-03-24,2025,1,2025-03,1025,Garrett Lewis,South,2030,Clothing-First,Clothing,401,0,842.91
721,2025-03-24,2025,1,2025-03,1066,Derrick Myers,North,2077,Office-Ball,Office,403,0,84.93
1083,2025-03-24,2025,1,2025-03,1193,Nancy King,South,2039,Clothing-Need,Clothing,404,0,2989.82
1543,2025-03-24,2025,1,2025-03,1171,Ronald Marquez,South-West,2078,Electronics-Film,Electronics,402,0,88.16
1708,2025-03-24,2025,1,2025-03,1065,Daniel Adams,Central,2050,Electronics-Young,Electronics,404,0,174.95
309,2025-03-25,2025,1,2025-03,1066,Derrick Myers,North,2091,Office-Mrs,Office,402,2,4740.26
416,2025-03-25,2025,1,2025-03,1196,Dr. Elizabeth Johnston DDS,North,2004,Office-Where,Office,403,3,339.83
2380,2025-03-25,2025,1,2025-03,1005,Jessica Mora,South,2023,Home-Yeah,Home,404,2,3392.81
2382,2025-03-25,2025,1,2025-03,1011,Amanda Myers,West,2097,Office-Recent,Office,403,,4107.12
514,2025-03-26,2025,1,2025-03,1020,Michelle Brewer,East,2054,Electronics-Above,Electronics,404,0,2843.23
1516,2025-03-26,2025,1,2025-03,1122,Christopher Martinez,East,2096,Office-Discuss,Office,403,,1595.7
1987,2025-03-26,2025,1,2025-03,1158,Kelly Gallagher,East,2060,Office-Term,Office,403,0,861.19
1781,2025-03-27,2025,1,2025-03,1084,Martha Mccall,North,2075,Electronics-Letter,Electronics,404,0,1810.73
1800,2025-03-27,2025,1,2025-03,1116,Melissa Rivera,Central,2095,Home-Seem,Home,401,1,1731.28
218,2025-03-28,2025,1,2025-03,1116,Melissa Rivera,Central,2066,Office-Occur,Office,402,2,1899.61
383,2025-03-28,2025,1,2025-03,1104,David Herrera,West,2039,Clothing-Need,Clothing,402,3,4210.49
427,2025-03-28,2025,1,2025-03,1055,William Benitez,East,2060,Office-Term,Office,404,3,1599.5
428,2025-03-28,2025,1,2025-03,1020,Michelle Brewer,East,2054,Electronics-Above,Electronics,404,0,2234.58
654,2025-03-28,2025,1,2025-03,1135,Christopher Chen,South,2035,Home-According,Home,403,0,944.09
691,2025-03-28,2025,1,2025-03,1178,Katherine Kerr,East,2019,Home-History,Home,403,2,623.08
755,2025-03-28,2025,1,2025-03,1031,Jessica Frazier,West,2008,Electronics-Skin,Electronics,401,2,1805.56
831,2025-03-28,2025,1,2025-03,1016,Andrea Roberts,East,2019,Home-History,Home,402,0,984.58
950,2025-03-28,2025,1,2025-03,1036,Robert Bishop,South-West,2070,Clothing-About,Clothing,404,1,29.29
1019,2025-03-28,2025,1,2025-03,1066,Derrick Myers,North,2070,Clothing-About,Clothing,403,2,101.74
1066,2025-03-28,2025,1,2025-03,1064,Joshua Cline,East,2045,Office-Next,Office,401,1,195.82
1571,2025-03-28,2025,1,2025-03,1096,Patricia Rogers,South,2070,Clothing-About,Clothing,401,0,43.65
1718,2025-03-28,2025,1,2025-03,1043,Eric Pena,West,2079,Office-Who,Office,401,0,3471.98
1760,2025-03-28,2025,1,2025-03,1020,Michelle Brewer,East,2022,Home-Economy,Home,403,1,1763.37
2031,2025-03-28,2025,1,2025-03,1032,Terri Long,East,2045,Office-Next,Office,403,0,615.85
2328,2025-03-28,2025,1,2025-03,1186,Timothy Williams,West,2013,Office-Cultural,Office,402,0,1842.35
170,2025-03-29,2025,1,2025-03,1089,Matthew Hernandez,North,2057,Clothing-Identify,Clothing,404,2,1666.65
174,2025-03-29,2025,1,2025-03,1034,Heather Smith,Central,2098,Clothing-Trouble,Clothing,403,3,109.06
207,2025-03-29,2025,1,2025-03,1174,Deborah Saunders,West,2010,Electronics-Themselves,Electronics,404,2,1150.13
623,2025-03-29,2025,1,2025-03,1115,Gina Banks,West,2086,Home-Of,Home,401,3,811.83
647,2025-03-29,2025,1,2025-03,1020,Michelle Brewer,East,2062,Office-Receive,Office,404,1,351.38
940,2025-03-29,2025,1,2025-03,1020,Michelle Brewer,East,2079,Office-Who,Office,402,,1520.04
1208,2025-03-29,2025,1,2025-03,1093,Christian Medina,East,2065,Office-Animal,Office,404,0,1701.79
1275,2025-03-29,2025,1,2025-03,1062,Ashley Harmon,South,2020,Electronics-Share,Electronics,404,1,733.29
1327,2025-03-29,2025,1,2025-03,1022,Austin Gutierrez,East,2063,Home-Good,Home,402,0,263.22
1413,2025-03-29,2025,1,2025-03,1107,Emily Hoffman,West,2064,Electronics-Stop,Electronics,401,0,1123.37
1417,2025-03-29,2025,1,2025-03,1024,Andres Avila,Central,2024,Clothing-Paper,Clothing,401,,453.82
1628,2025-03-29,2025,1,2025-03,1066,Derrick Myers,North,2022,Home-Economy,Home,403,2,1513.03
1676,2025-03-29,2025,1,2025-03,1112,Joseph Flores,East,2039,Clothing-Need,Clothing,402,1,1609.2
1769,2025-03-29,2025,1,2025-03,1089,Matthew Hernandez,North,2060,Office-Term,Office,402,0,1388.17
604,2025-03-30,2025,1,2025-03,1107,Emily Hoffman,West,2035,Home-According,Home,402,0,4382.29
816,2025-03-30,2025,1,2025-03,1006,Hannah Ray,West,2019,Home-History,Home,404,1,2859.78
1064,2025-03-30,2025,1,2025-03,1091,Brianna Thomas,South-West,2071,Clothing-Success,Clothing,402,3,783.43
1200,2025-03-30,2025,1,2025-03,1045,Dr. Susan Bailey,North,2000,Electronics-Signal,Electronics,403,1,241.73
1294,2025-03-30,2025,1,2025-03,1116,Melissa Rivera,Central,2035,Home-According,Home,401,1,1516.25
1418,2025-03-30,2025,1,2025-03,1017,Brittney Burnett,North,2019,Home-History,Home,404,3,3189.02
2352,2025-03-30,2025,1,2025-03,1005,Jessica Mora,South,2097,Office-Recent,Office,401,0,1093.8
195,2025-03-31,2025,1,2025-03,1143,Miss Chelsea Castro DDS,Central,2017,Electronics-Feeling,Electronics,401,1,1356.18
471,2025-03-31,2025,1,2025-03,1066,Derrick Myers,North,2030,Clothing-First,Clothing,403,2,1714.29
1163,2025-03-31,2025,1,2025-03,1043,Eric Pena,West,2039,Clothing-Need,Clothing,404,1,2452.34
1245,2025-03-31,2025,1,2025-03,1071,Christopher Frost,East,2029,Home-Yourself,Home,403,2,101.51
1610,2025-03-31,2025,1,2025-03,1032,Terri Long,East,2012,Clothing-Artist,Clothing,402,2,1961.92
1999,2025-03-31,2025,1,2025-03,1014,Cindy Woods,East,2035,Home-According,Home,404,1,4687.33
2183,2025-03-31,2025,1,2025-03,1089,Matthew Hernandez,North,2023,Home-Yeah,Home,401,2,584.43
2261,2025-03-31,2025,1,2025-03,1020,Michelle Brewer,East,2040,Clothing-Determine,Clothing,401,0,44.81
150,2025-04-01,2025,2,2025-04,1120,Daniel Meyer,South,2000,Electronics-Signal,Electronics,401,,341.56
484,2025-04-01,2025,2,2025-04,1141,David Palmer,North,2097,Office-Recent,Office,402,2,2543.36
1111,2025-04-01,2025,2,2025-04,1028,Haley Wagner,West,2015,Office-Itself,Office,404,3,1735.78
1713,2025-04-01,2025,2,2025-04,1101,Ryan Martin,South-West,2067,Clothing-Remain,Clothing,404,0,1201.12
1774,2025-04-01,2025,2,2025-04,1151,Sabrina Lester,West,2066,Office-Occur,Office,402,0,269.82
1936,2025-04-02,2025,2,2025-04,1046,Tyler Colon,Central,2006,Office-Class,Office,404,1,1844.97
1946,2025-04-02,2025,2,2025-04,1132,Scott Winters,West,2076,Clothing-Affect,Clothing,403,,1618.66
78,2025-04-03,2025,2,2025-04,1005,Jessica Mora,South,2086,Home-Of,Home,403,1,1320.44
410,2025-04-03,2025,2,2025-04,1116,Melissa Rivera,Central,2072,Electronics-Become,Electronics,401,3,192.63
422,2025-04-03,2025,2,2025-04,1096,Patricia Rogers,South,2028,Electronics-Take,Electronics,404,2,990.11
1253,2025-04-03,2025,2,2025-04,1166,David Mccullough,South-West,2009,Office-Raise,Office,404,0,48.46
1514,2025-04-03,2025,2,2025-04,1130,Mary Sandoval,North,2039,Clothing-Need,Clothing,403,2,2089.58
952,2025-04-04,2025,2,2025-04,1007,David Kim,West,2023,Home-Yeah,Home,401,0,4161.7
1322,2025-04-04,2025,2,2025-04,1116,Melissa Rivera,Central,2079,Office-Who,Office,403,3,3695.78
1701,2025-04-04,2025,2,2025-04,1111,Ronald Chavez,South-West,2013,Office-Cultural,Office,401,0,619.9
1843,2025-04-04,2025,2,2025-04,1116,Melissa Rivera,Central,2019,Home-History,Home,403,2,3790.14
2115,2025-04-04,2025,2,2025-04,1005,Jessica Mora,South,2013,Office-Cultural,Office,401,2,3531.81
381,2025-04-05,2025,2,2025-04,1196,Dr. Elizabeth Johnston DDS,North,2060,Office-Term,Office,403,0,1334.87
545,2025-04-05,2025,2,2025-04,1099,Lori Howard,East,2019,Home-History,Home,403,2,1721.74
606,2025-04-05,2025,2,2025-04,1127,George Edwards,Central,2013,Office-Cultural,Office,401,2,1631.22
634,2025-04-05,2025,2,2025-04,1023,Dustin Medina,East,2070,Clothing-About,Clothing,402,1,117.39
683,2025-04-05,2025,2,2025-04,1066,Derrick Myers,North,2074,Clothing-Strong,Clothing,403,0,288.44
731,2025-04-05,2025,2,2025-04,1072,Shannon Schmitt,East,2011,Electronics-Religious,Electronics,404,1,1009.76
780,2025-04-05,2025,2,2025-04,1031,Jessica Frazier,West,2059,Electronics-Clear,Electronics,404,0,487.87
1149,2025-04-05,2025,2,2025-04,1162,Deborah Rice,East,2091,Office-Mrs,Office,402,3,4050.34
1324,2025-04-05,2025,2,2025-04,1032,Terri Long,East,2013,Office-Cultural,Office,404,,1080.0
1531,2025-04-05,2025,2,2025-04,1060,Mr. Christopher Thompson,South,2035,Home-According,Home,404,2,2320.34
1631,2025-04-05,2025,2,2025-04,1089,Matthew Hernandez,North,2029,Home-Yourself,Home,401,2,56.91
1904,2025-04-05,2025,2,2025-04,1124,Megan Novak,East,2034,Clothing-Feel,Clothing,403,3,603.98
1927,2025-04-05,2025,2,2025-04,1071,Christopher Frost,East,2046,Clothing-Worry,Clothing,401,2,57.37
2017,2025-04-05,2025,2,2025-04,1116,Melissa Rivera,Central,2039,Clothing-Need,Clothing,404,0,1846.58
2030,2025-04-05,2025,2,2025-04,1093,Christian Medina,East,2037,Clothing-Meeting,Clothing,404,0,1728.51
2308,2025-04-05,2025,2,2025-04,1040,Angel Lee,Central,2013,Office-Cultural,Office,402,1,3480.62
121,2025-04-06,2025,2,2025-04,1159,Kelli Smith,North,2082,Office-Figure,Office,401,2,582.88
494,2025-04-06,2025,2,2025-04,1162,Deborah Rice,East,2092,Electronics-Add,Electronics,403,1,1122.97
1652,2025-04-06,2025,2,2025-04,1060,Mr. Christopher Thompson,South,2057,Clothing-Identify,Clothing,403,,568.22
1020,2025-04-07,2025,2,2025-04,1116,Melissa Rivera,Central,2054,Electronics-Above,Electronics,404,1,1345.79
1348,2025-04-07,2025,2,2025-04,1066,Derrick Myers,North,2018,Electronics-Nature,Electronics,404,0,792.85
1653,2025-04-07,2025,2,2025-04,1164,William Ramsey,North,2036,Electronics-Candidate,Electronics,401,,940.43
2294,2025-04-07,2025,2,2025-04,1022,Austin Gutierrez,East,2031,Office-Develop,Office,401,0,369.69
2368,2025-04-07,2025,2,2025-04,1099,Lori Howard,East,2019,Home-History,Home,403,2,3426.36
949,2025-04-08,2025,2,2025-04,1121,Stephanie Garrison,East,2014,Clothing-Eat,Clothing,401,2,1740.21
26,2025-04-09,2025,2,2025-04,1066,Derrick Myers,North,2030,Clothing-First,Clothing,404,1,127.5
91,2025-04-09,2025,2,2025-04,1097,Laura Jones,East,2080,Office-Doctor,Office,404,0,507.8
116,2025-04-09,2025,2,2025-04,1196,Dr. Elizabeth Johnston DDS,North,2027,Home-Purpose,Home,404,1,1663.47
371,2025-04-09,2025,2,2025-04,1002,Mark Marshall,Central,2084,Office-Stuff,Office,402,3,573.2
753,2025-04-09,2025,2,2025-04,1089,Matthew Hernandez,North,2005,Office-Huge,Office,402,2,641.36
1155,2025-04-09,2025,2,2025-04,1066,Derrick Myers,North,2013,Office-Cultural,Office,403,2,1373.82
1755,2025-04-09,2025,2,2025-04,1064,Joshua Cline,East,2066,Office-Occur,Office,404,0,1959.89
1917,2025-04-09,2025,2,2025-04,1073,Matthew Clark,Central,2052,Office-Year,Office,403,1,295.04
845,2025-04-10,2025,2,2025-04,1076,Glenn Shelton,East,2019,Home-History,Home,402,3,1774.52
1460,2025-04-10,2025,2,2025-04,1153,Michelle Martinez,East,2025,Electronics-Assume,Electronics,401,2,495.73
1682,2025-04-10,2025,2,2025-04,1028,Haley Wagner,West,2044,Office-Society,Office,402,0,340.97
2129,2025-04-10,2025,2,2025-04,1195,Michael Lee,South-West,2076,Clothing-Affect,Clothing,404,3,626.49
2257,2025-04-10,2025,2,2025-04,1022,Austin Gutierrez,East,2030,Clothing-First,Clothing,402,2,735.77
80,2025-04-11,2025,2,2025-04,1177,Katherine West,East,2084,Office-Stuff,Office,404,0,663.31
221,2025-04-11,2025,2,2025-04,1032,Terri Long,East,2071,Clothing-Success,Clothing,404,1,547.24
271,2025-04-11,2025,2,2025-04,1173,David King MD,North,2017,Electronics-Feeling,Electronics,404,2,297.43
341,2025-04-11,2025,2,2025-04,1058,Steven Jackson,Central,2091,Office-Mrs,Office,403,3,901.79
792,2025-04-11,2025,2,2025-04,1050,Jeffrey Mclaughlin,East,2081,Office-Light,Office,402,2,977.66
965,2025-04-11,2025,2,2025-04,1182,James Gray,West,2049,Office-Easy,Office,402,0,1155.46
969,2025-04-11,2025,2,2025-04,1033,Paul Perkins,East,2065,Office-Animal,Office,403,3,562.51
1604,2025-04-11,2025,2,2025-04,1048,Dr. Donald Proctor,North,2035,Home-According,Home,403,3,3019.32
1931,2025-04-11,2025,2,2025-04,1032,Terri Long,East,2044,Office-Society,Office,403,0,1301.42
2097,2025-04-11,2025,2,2025-04,1159,Kelli Smith,North,2091,Office-Mrs,Office,401,0,2127.23
2321,2025-04-11,2025,2,2025-04,1051,Amy Nguyen,Central,2015,Office-Itself,Office,401,0,324.38
19,2025-04-12,2025,2,2025-04,1071,Christopher Frost,East,2091,Office-Mrs,Office,402,3,2628.38
260,2025-04-12,2025,2,2025-04,1163,Elizabeth Vaughn,West,2046,Clothing-Worry,Clothing,404,2,74.1
280,2025-04-12,2025,2,2025-04,1122,Christopher Martinez,East,2079,Office-Who,Office,401,0,2154.03
466,2025-04-12,2025,2,2025-04,1121,Stephanie Garrison,East,2069,Clothing-Garden,Clothing,403,1,1410.36
752,2025-04-12,2025,2,2025-04,1071,Christopher Frost,East,2004,Office-Where,Office,402,2,281.59
761,2025-04-12,2025,2,2025-04,1005,Jessica Mora,South,2013,Office-Cultural,Office,403,0,947.0
847,2025-04-12,2025,2,2025-04,1095,Dr. Jason Scott,South,2053,Home-Ground,Home,404,2,650.23
1330,2025-04-12,2025,2,2025-04,1044,Anita Huerta,East,2025,Electronics-Assume,Electronics,401,1,1035.91
1345,2025-04-12,2025,2,2025-04,1066,Derrick Myers,North,2040,Clothing-Determine,Clothing,402,1,19.24
1808,2025-04-12,2025,2,2025-04,1111,Ronald Chavez,South-West,2079,Office-Who,Office,404,1,4984.05
2023,2025-04-12,2025,2,2025-04,1149,Jordan Elliott,North,2054,Electronics-Above,Electronics,401,2,2923.07
38,2025-04-13,2025,2,2025-04,1071,Christopher Frost,East,2065,Office-Animal,Office,404,2,274.92
403,2025-04-13,2025,2,2025-04,1026,Gary Walls,North,2079,Office-Who,Office,401,1,3725.91
1281,2025-04-13,2025,2,2025-04,1185,Cameron Levine,East,2032,Electronics-There,Electronics,403,2,212.03
1656,2025-04-13,2025,2,2025-04,1106,Jennifer Ewing,East,2057,Clothing-Identify,Clothing,404,1,1426.9
2355,2025-04-13,2025,2,2025-04,1048,Dr. Donald Proctor,North,2046,Clothing-Worry,Clothing,401,3,24.22
264,2025-04-14,2025,2,2025-04,1124,Megan Novak,East,2079,Office-Who,Office,404,3,4279.51
272,2025-04-14,2025,2,2025-04,1089,Matthew Hernandez,North,2097,Office-Recent,Office,404,2,2188.28
1427,2025-04-14,2025,2,2025-04,1126,Lee Luna,East,2091,Office-Mrs,Office,401,1,4904.59
1988,2025-04-14,2025,2,2025-04,1032,Terri Long,East,2001,Electronics-Boost,Electronics,401,,722.58
2307,2025-04-15,2025,2,2025-04,1194,Casey Brown,Central,2021,Clothing-Skill,Clothing,404,1,1855.71
90,2025-04-16,2025,2,2025-04,1019,Michelle Torres,Central,2033,Clothing-Argue,Clothing,403,3,1710.94
865,2025-04-16,2025,2,2025-04,1183,Kenneth Graves,East,2016,Home-He,Home,404,2,1992.79
1404,2025-04-16,2025,2,2025-04,1142,Marvin Hamilton,North,2013,Office-Cultural,Office,404,,1469.64
1462,2025-04-16,2025,2,2025-04,1005,Jessica Mora,South,2070,Clothing-About,Clothing,401,0,90.17
1590,2025-04-16,2025,2,2025-04,1147,William Palmer,South-West,2097,Office-Recent,Office,403,3,2043.28
2059,2025-04-16,2025,2,2025-04,1071,Christopher Frost,East,2014,Clothing-Eat,Clothing,404,1,1985.98
119,2025-04-17,2025,2,2025-04,1108,Sharon Bautista,Central,2092,Electronics-Add,Electronics,401,2,1176.94
419,2025-04-17,2025,2,2025-04,1032,Terri Long,East,2005,Office-Huge,Office,402,1,770.4
1115,2025-04-17,2025,2,2025-04,1071,Christopher Frost,East,2023,Home-Yeah,Home,404,3,1393.58
1407,2025-04-17,2025,2,2025-04,1032,Terri Long,East,2083,Clothing-Cut,Clothing,401,3,1420.75
414,2025-04-18,2025,2,2025-04,1091,Brianna Thomas,South-West,2062,Office-Receive,Office,401,0,1724.49
444,2025-04-18,2025,2,2025-04,1147,William Palmer,South-West,2091,Office-Mrs,Office,404,1,4825.57
524,2025-04-18,2025,2,2025-04,1005,Jessica Mora,South,2005,Office-Huge,Office,404,0,907.13
794,2025-04-18,2025,2,2025-04,1126,Lee Luna,East,2013,Office-Cultural,Office,402,3,1575.59
924,2025-04-18,2025,2,2025-04,1143,Miss Chelsea Castro DDS,Central,2046,Clothing-Worry,Clothing,404,0,19.48
970,2025-04-18,2025,2,2025-04,1158,Kelly Gallagher,East,2007,Clothing-Over,Clothing,402,0,255.33
1043,2025-04-18,2025,2,2025-04,1035,Lorraine Rodriguez,East,2088,Office-Evening,Office,403,2,883.95
1116,2025-04-18,2025,2,2025-04,1185,Cameron Levine,East,2000,Electronics-Signal,Electronics,404,,456.67
1118,2025-04-18,2025,2,2025-04,1074,Alyssa Evans,West,2062,Office-Receive,Office,404,3,476.91
1169,2025-04-18,2025,2,2025-04,1129,Karina Jones,East,2079,Office-Who,Office,403,3,1238.12
1249,2025-04-18,2025,2,2025-04,1031,Jessica Frazier,West,2048,Electronics-Candidate,Electronics,401,1,921.28
1561,2025-04-18,2025,2,2025-04,1061,Taylor Kaufman,North,2065,Office-Animal,Office,401,0,1098.25
1649,2025-04-18,2025,2,2025-04,1147,William Palmer,South-West,2019,Home-History,Home,404,1,2846.94
2315,2025-04-18,2025,2,2025-04,1071,Christopher Frost,East,2067,Clothing-Remain,Clothing,403,2,1784.53
15,2025-04-19,2025,2,2025-04,1078,Danielle Fuller,South-West,2035,Home-According,Home,401,3,4900.93
219,2025-04-19,2025,2,2025-04,1160,Phillip Soto,West,2071,Clothing-Success,Clothing,404,,1304.47
1039,2025-04-19,2025,2,2025-04,1128,Vincent Day,North,2098,Clothing-Trouble,Clothing,402,2,1479.45
1212,2025-04-19,2025,2,2025-04,1182,James Gray,West,2023,Home-Yeah,Home,403,3,1194.99
1347,2025-04-19,2025,2,2025-04,1066,Derrick Myers,North,2079,Office-Who,Office,404,3,1765.56
1665,2025-04-19,2025,2,2025-04,1160,Phillip Soto,West,2009,Office-Raise,Office,401,0,82.74
1698,2025-04-19,2025,2,2025-04,1001,John Silva,East,2041,Home-Assume,Home,401,0,2134.34
2066,2025-04-19,2025,2,2025-04,1179,Desiree Miller,East,2039,Clothing-Need,Clothing,404,3,4587.35
312,2025-04-20,2025,2,2025-04,1022,Austin Gutierrez,East,2023,Home-Yeah,Home,404,1,4109.76
525,2025-04-20,2025,2,2025-04,1073,Matthew Clark,Central,2054,Electronics-Above,Electronics,403,0,4566.54
931,2025-04-20,2025,2,2025-04,1034,Heather Smith,Central,2078,Electronics-Film,Electronics,403,0,70.3
1003,2025-04-20,2025,2,2025-04,1191,Kyle Smith Jr.,South,2054,Electronics-Above,Electronics,401,3,2088.12
1339,2025-04-20,2025,2,2025-04,1115,Gina Banks,West,2049,Office-Easy,Office,404,2,309.57
1641,2025-04-20,2025,2,2025-04,1092,Timothy Hill,West,2049,Office-Easy,Office,404,2,1159.93
1935,2025-04-20,2025,2,2025-04,1198,Chris Allen,South-West,2060,Office-Term,Office,404,2,1263.48
1970,2025-04-20,2025,2,2025-04,1192,Gregory Medina,East,2051,Home-Century,Home,402,0,1126.69
2214,2025-04-20,2025,2,2025-04,1071,Christopher Frost,East,2058,Home-Wear,Home,401,2,384.65
5,2025-04-21,2025,2,2025-04,1049,Rebecca Jordan,West,2005,Office-Huge,Office,402,0,1739.64
12,2025-04-21,2025,2,2025-04,1196,Dr. Elizabeth Johnston DDS,North,2014,Clothing-Eat,Clothing,403,3,0.0
1729,2025-04-21,2025,2,2025-04,1179,Desiree Miller,East,2078,Electronics-Film,Electronics,404,1,1874.34
1853,2025-04-21,2025,2,2025-04,1106,Jennifer Ewing,East,2050,Electronics-Young,Electronics,404,0,1415.83
562,2025-04-22,2025,2,2025-04,1162,Deborah Rice,East,2096,Office-Discuss,Office,402,3,810.47
1474,2025-04-22,2025,2,2025-04,1019,Michelle Torres,Central,2045,Office-Next,Office,404,,1701.99
1860,2025-04-22,2025,2,2025-04,1072,Shannon Schmitt,East,2023,Home-Yeah,Home,403,2,1512.11
2133,2025-04-22,2025,2,2025-04,1018,Edwin Garrison,South-West,2064,Electronics-Stop,Electronics,403,1,365.9
175,2025-04-23,2025,2,2025-04,1164,William Ramsey,North,2061,Home-Quite,Home,402,3,192.3
426,2025-04-23,2025,2,2025-04,1116,Melissa Rivera,Central,2023,Home-Yeah,Home,404,0,3775.88
490,2025-04-23,2025,2,2025-04,1181,Tiffany Smith,East,2039,Clothing-Need,Clothing,403,0,850.71
1398,2025-04-23,2025,2,2025-04,1055,William Benitez,East,2039,Clothing-Need,Clothing,401,1,1428.59
1469,2025-04-23,2025,2,2025-04,1165,Richard Burnett,Central,2045,Office-Next,Office,404,3,1722.96
1873,2025-04-23,2025,2,2025-04,1117,Amanda Lang,North,2091,Office-Mrs,Office,401,1,1236.2
2052,2025-04-23,2025,2,2025-04,1054,Laura Mcdonald,South,2019,Home-History,Home,401,0,1874.65
357,2025-04-24,2025,2,2025-04,1036,Robert Bishop,South-West,2029,Home-Yourself,Home,401,1,18.12
1439,2025-04-24,2025,2,2025-04,1034,Heather Smith,Central,2050,Electronics-Young,Electronics,403,2,1093.82
1606,2025-04-24,2025,2,2025-04,1044,Anita Huerta,East,2039,Clothing-Need,Clothing,402,1,3481.44
1809,2025-04-24,2025,2,2025-04,1128,Vincent Day,North,2041,Home-Assume,Home,402,1,4916.29
1969,2025-04-24,2025,2,2025-04,1052,Brandon Hinton,South-West,2091,Office-Mrs,Office,404,0,3357.5
2371,2025-04-24,2025,2,2025-04,1020,Michelle Brewer,East,2085,Electronics-Officer,Electronics,404,0,547.53
608,2025-04-25,2025,2,2025-04,1151,Sabrina Lester,West,2053,Home-Ground,Home,402,2,264.76
682,2025-04-25,2025,2,2025-04,1076,Glenn Shelton,East,2052,Office-Year,Office,403,0,1687.63
837,2025-04-25,2025,2,2025-04,1188,Ashley Todd,North,2031,Office-Develop,Office,401,,628.4
1022,2025-04-25,2025,2,2025-04,1034,Heather Smith,Central,2067,Clothing-Remain,Clothing,404,0,213.93
1259,2025-04-25,2025,2,2025-04,1066,Derrick Myers,North,2091,Office-Mrs,Office,404,3,3214.72
1291,2025-04-25,2025,2,2025-04,1043,Eric Pena,West,2009,Office-Raise,Office,402,2,85.36
1490,2025-04-25,2025,2,2025-04,1178,Katherine Kerr,East,2006,Office-Class,Office,401,0,1968.22
1529,2025-04-25,2025,2,2025-04,1089,Matthew Hernandez,North,2039,Clothing-Need,Clothing,401,0,3779.37
1673,2025-04-25,2025,2,2025-04,1093,Christian Medina,East,2031,Office-Develop,Office,402,2,288.21
1891,2025-04-25,2025,2,2025-04,1122,Christopher Martinez,East,2031,Office-Develop,Office,401,0,579.53
1916,2025-04-25,2025,2,2025-04,1033,Paul Perkins,East,2023,Home-Yeah,Home,401,0,1856.11
2114,2025-04-25,2025,2,2025-04,1194,Casey Brown,Central,2049,Office-Easy,Office,403,0,996.07
2297,2025-04-25,2025,2,2025-04,1158,Kelly Gallagher,East,2083,Clothing-Cut,Clothing,402,3,511.68
2381,2025-04-25,2025,2,2025-04,1091,Brianna Thomas,South-West,2020,Electronics-Share,Electronics,402,3,1767.56
293,2025-04-26,2025,2,2025-04,1109,Aaron Garcia,East,2019,Home-History,Home,403,0,2798.52
412,2025-04-26,2025,2,2025-04,1115,Gina Banks,West,2040,Clothing-Determine,Clothing,402,2,144.21
638,2025-04-26,2025,2,2025-04,1106,Jennifer Ewing,East,2039,Clothing-Need,Clothing,401,2,4403.87
764,2025-04-26,2025,2,2025-04,1071,Christopher Frost,East,2075,Electronics-Letter,Electronics,402,3,575.11
911,2025-04-26,2025,2,2025-04,1071,Christopher Frost,East,2085,Electronics-Officer,Electronics,403,3,1609.65
1004,2025-04-26,2025,2,2025-04,1115,Gina Banks,West,2013,Office-Cultural,Office,403,2,4447.63
1318,2025-04-26,2025,2,2025-04,1164,William Ramsey,North,2009,Office-Raise,Office,401,,36.35
1321,2025-04-26,2025,2,2025-04,1020,Michelle Brewer,East,2035,Home-According,Home,403,3,2173.03
1483,2025-04-26,2025,2,2025-04,1161,David Ellis,East,2067,Clothing-Remain,Clothing,402,2,1567.68
1612,2025-04-26,2025,2,2025-04,1042,Christopher Dodson,North,2028,Electronics-Take,Electronics,401,,896.78
1677,2025-04-26,2025,2,2025-04,1134,Joseph Aguilar,West,2092,Electronics-Add,Electronics,401,2,1904.91
1765,2025-04-26,2025,2,2025-04,1003,David Brennan,North,2007,Clothing-Over,Clothing,401,3,1662.07
1941,2025-04-26,2025,2,2025-04,1012,Tara Miller,North,2062,Office-Receive,Office,403,1,737.42
334,2025-04-27,2025,2,2025-04,1128,Vincent Day,North,2066,Office-Occur,Office,402,3,1969.52
1323,2025-04-27,2025,2,2025-04,1167,Terry Frederick,North,2034,Clothing-Feel,Clothing,404,3,785.41
1425,2025-04-27,2025,2,2025-04,1041,David Beltran,East,2039,Clothing-Need,Clothing,403,1,845.69
2166,2025-04-27,2025,2,2025-04,1025,Garrett Lewis,South,2023,Home-Yeah,Home,404,1,2175.7
93,2025-04-28,2025,2,2025-04,1034,Heather Smith,Central,2054,Electronics-Above,Electronics,404,3,4066.34
145,2025-04-28,2025,2,2025-04,1032,Terri Long,East,2036,Electronics-Candidate,Electronics,404,3,1642.94
598,2025-04-28,2025,2,2025-04,1024,Andres Avila,Central,2021,Clothing-Skill,Clothing,401,0,1210.21
991,2025-04-28,2025,2,2025-04,1111,Ronald Chavez,South-West,2023,Home-Yeah,Home,401,3,3322.93
1309,2025-04-28,2025,2,2025-04,1017,Brittney Burnett,North,2024,Clothing-Paper,Clothing,404,1,239.08
1353,2025-04-28,2025,2,2025-04,1089,Matthew Hernandez,North,2006,Office-Class,Office,402,2,894.25
1699,2025-04-28,2025,2,2025-04,1144,Brian Browning,East,2081,Office-Light,Office,404,2,773.23
54,2025-04-29,2025,2,2025-04,1169,Michael Edwards,South-West,2079,Office-Who,Office,402,1,2205.97
1442,2025-04-29,2025,2,2025-04,1089,Matthew Hernandez,North,2024,Clothing-Paper,Clothing,403,3,1215.63
1512,2025-04-29,2025,2,2025-04,1116,Melissa Rivera,Central,2097,Office-Recent,Office,403,0,1200.06
1818,2025-04-29,2025,2,2025-04,1167,Terry Frederick,North,2075,Electronics-Letter,Electronics,403,2,600.91
1836,2025-04-29,2025,2,2025-04,1089,Matthew Hernandez,North,2028,Electronics-Take,Electronics,401,3,378.08
2168,2025-04-29,2025,2,2025-04,1158,Kelly Gallagher,East,2057,Clothing-Identify,Clothing,402,,358.76
198,2025-04-30,2025,2,2025-04,1071,Christopher Frost,East,2092,Electronics-Add,Electronics,401,1,1683.33
517,2025-04-30,2025,2,2025-04,1197,William Wilson,West,2039,Clothing-Need,Clothing,402,0,4277.85
885,2025-04-30,2025,2,2025-04,1047,Ashley Pearson,West,2089,Electronics-Action,Electronics,401,3,1682.43
989,2025-04-30,2025,2,2025-04,1034,Heather Smith,Central,2054,Electronics-Above,Electronics,403,3,4880.71
1607,2025-04-30,2025,2,2025-04,1133,Victor Wagner,South-West,2097,Office-Recent,Office,401,2,4537.63
1810,2025-04-30,2025,2,2025-04,1076,Glenn Shelton,East,2017,Electronics-Feeling,Electronics,401,0,916.45
1824,2025-04-30,2025,2,2025-04,1087,Carla Tran,East,2054,Electronics-Above,Electronics,404,,4836.89
2164,2025-04-30,2025,2,2025-04,1157,Cheryl Wu,West,2013,Office-Cultural,Office,401,3,838.64
336,2025-05-01,2025,2,2025-05,1017,Brittney Burnett,North,2097,Office-Recent,Office,404,2,4627.23
386,2025-05-01,2025,2,2025-05,1044,Anita Huerta,East,2016,Home-He,Home,401,2,800.09
903,2025-05-01,2025,2,2025-05,1182,James Gray,West,2068,Home-Read,Home,403,0,1931.06
1013,2025-05-01,2025,2,2025-05,1158,Kelly Gallagher,East,2035,Home-According,Home,401,1,1952.87
1579,2025-05-01,2025,2,2025-05,1066,Derrick Myers,North,2039,Clothing-Need,Clothing,404,2,4819.87
1702,2025-05-01,2025,2,2025-05,1141,David Palmer,North,2091,Office-Mrs,Office,404,0,2407.12
1823,2025-05-01,2025,2,2025-05,1167,Terry Frederick,North,2070,Clothing-About,Clothing,402,2,115.01
2062,2025-05-01,2025,2,2025-05,1021,Aaron Burnett,South,2013,Office-Cultural,Office,403,3,2635.07
2237,2025-05-01,2025,2,2025-05,1044,Anita Huerta,East,2013,Office-Cultural,Office,403,3,4825.61
79,2025-05-02,2025,2,2025-05,1005,Jessica Mora,South,2062,Office-Receive,Office,401,3,1356.76
451,2025-05-02,2025,2,2025-05,1056,Kristina Wilson,East,2016,Home-He,Home,401,3,1104.5
978,2025-05-02,2025,2,2025-05,1002,Mark Marshall,Central,2076,Clothing-Affect,Clothing,402,,1252.2
1793,2025-05-02,2025,2,2025-05,1089,Matthew Hernandez,North,2047,Clothing-Hair,Clothing,404,0,1570.03
581,2025-05-03,2025,2,2025-05,1085,Steven Wright,Central,2019,Home-History,Home,403,3,3538.81
852,2025-05-03,2025,2,2025-05,1150,Bobby Hunter,North,2010,Electronics-Themselves,Electronics,402,1,543.1
993,2025-05-03,2025,2,2025-05,1005,Jessica Mora,South,2023,Home-Yeah,Home,404,2,3436.35
2022,2025-05-03,2025,2,2025-05,1184,Brittney Chen,East,2021,Clothing-Skill,Clothing,401,0,338.22
2162,2025-05-03,2025,2,2025-05,1033,Paul Perkins,East,2097,Office-Recent,Office,401,1,4242.44
2232,2025-05-03,2025,2,2025-05,1096,Patricia Rogers,South,2040,Clothing-Determine,Clothing,401,1,69.49
2281,2025-05-03,2025,2,2025-05,1075,Joseph Chavez,North,2032,Electronics-There,Electronics,403,1,607.37
633,2025-05-04,2025,2,2025-05,1028,Haley Wagner,West,2005,Office-Huge,Office,402,0,833.18
629,2025-05-05,2025,2,2025-05,1073,Matthew Clark,Central,2023,Home-Yeah,Home,402,0,1924.82
1844,2025-05-05,2025,2,2025-05,1191,Kyle Smith Jr.,South,2079,Office-Who,Office,403,1,3529.07
2262,2025-05-05,2025,2,2025-05,1038,Jason Ford,East,2097,Office-Recent,Office,401,3,1221.43
35,2025-05-06,2025,2,2025-05,1116,Melissa Rivera,Central,2022,Home-Economy,Home,404,,697.76
522,2025-05-06,2025,2,2025-05,1157,Cheryl Wu,West,2041,Home-Assume,Home,404,3,688.22
999,2025-05-06,2025,2,2025-05,1034,Heather Smith,Central,2066,Office-Occur,Office,402,2,473.07
2385,2025-05-06,2025,2,2025-05,1187,Kayla Solomon,North,2010,Electronics-Themselves,Electronics,403,2,436.05
200,2025-05-07,2025,2,2025-05,1116,Melissa Rivera,Central,2069,Clothing-Garden,Clothing,404,1,962.64
543,2025-05-07,2025,2,2025-05,1020,Michelle Brewer,East,2086,Home-Of,Home,403,0,1386.71
1024,2025-05-07,2025,2,2025-05,1071,Christopher Frost,East,2076,Clothing-Affect,Clothing,403,3,262.91
1994,2025-05-07,2025,2,2025-05,1095,Dr. Jason Scott,South,2013,Office-Cultural,Office,404,1,4595.73
36,2025-05-08,2025,2,2025-05,1188,Ashley Todd,North,2034,Clothing-Feel,Clothing,402,0,125.51
149,2025-05-08,2025,2,2025-05,1166,David Mccullough,South-West,2029,Home-Yourself,Home,402,,76.14
902,2025-05-08,2025,2,2025-05,1002,Mark Marshall,Central,2054,Electronics-Above,Electronics,402,0,3273.29
1401,2025-05-08,2025,2,2025-05,1097,Laura Jones,East,2020,Electronics-Share,Electronics,401,,422.03
1403,2025-05-08,2025,2,2025-05,1052,Brandon Hinton,South-West,2013,Office-Cultural,Office,404,0,1556.61
1527,2025-05-08,2025,2,2025-05,1107,Emily Hoffman,West,2054,Electronics-Above,Electronics,403,1,4770.43
1726,2025-05-08,2025,2,2025-05,1162,Deborah Rice,East,2013,Office-Cultural,Office,403,0,4057.12
1854,2025-05-08,2025,2,2025-05,1005,Jessica Mora,South,2007,Clothing-Over,Clothing,403,2,120.55
172,2025-05-09,2025,2,2025-05,1020,Michelle Brewer,East,2032,Electronics-There,Electronics,402,2,640.51
193,2025-05-09,2025,2,2025-05,1070,Brittany Johnson,East,2039,Clothing-Need,Clothing,404,3,4795.74
199,2025-05-09,2025,2,2025-05,1005,Jessica Mora,South,2023,Home-Yeah,Home,403,0,3212.52
872,2025-05-09,2025,2,2025-05,1071,Christopher Frost,East,2013,Office-Cultural,Office,404,2,2749.25
986,2025-05-09,2025,2,2025-05,1066,Derrick Myers,North,2064,Electronics-Stop,Electronics,401,3,1564.92
1264,2025-05-09,2025,2,2025-05,1005,Jessica Mora,South,2025,Electronics-Assume,Electronics,402,,1678.99
1333,2025-05-09,2025,2,2025-05,1036,Robert Bishop,South-West,2087,Electronics-Rather,Electronics,402,,0.0
1619,2025-05-09,2025,2,2025-05,1020,Michelle Brewer,East,2097,Office-Recent,Office,403,,1412.0
1659,2025-05-09,2025,2,2025-05,1034,Heather Smith,Central,2041,Home-Assume,Home,403,1,1563.9
2138,2025-05-09,2025,2,2025-05,1151,Sabrina Lester,West,2022,Home-Economy,Home,401,2,556.43
2298,2025-05-09,2025,2,2025-05,1089,Matthew Hernandez,North,2005,Office-Huge,Office,402,1,233.15
2314,2025-05-09,2025,2,2025-05,1034,Heather Smith,Central,2019,Home-History,Home,402,3,4944.7
107,2025-05-10,2025,2,2025-05,1176,Ashley Williams,East,2056,Office-About,Office,404,2,1387.08
151,2025-05-10,2025,2,2025-05,1108,Sharon Bautista,Central,2041,Home-Assume,Home,402,0,3375.28
478,2025-05-10,2025,2,2025-05,1064,Joshua Cline,East,2038,Office-Soon,Office,402,0,474.69
659,2025-05-10,2025,2,2025-05,1003,David Brennan,North,2062,Office-Receive,Office,401,0,819.88
1251,2025-05-10,2025,2,2025-05,1091,Brianna Thomas,South-West,2040,Clothing-Determine,Clothing,404,0,60.38
1509,2025-05-10,2025,2,2025-05,1020,Michelle Brewer,East,2084,Office-Stuff,Office,401,1,1127.1
1605,2025-05-10,2025,2,2025-05,1179,Desiree Miller,East,2097,Office-Recent,Office,404,0,2379.67
1647,2025-05-10,2025,2,2025-05,1005,Jessica Mora,South,2003,Electronics-Training,Electronics,404,3,1139.44
1973,2025-05-10,2025,2,2025-05,1179,Desiree Miller,East,2091,Office-Mrs,Office,404,0,3331.17
2190,2025-05-10,2025,2,2025-05,1099,Lori Howard,East,2040,Clothing-Determine,Clothing,401,1,74.95
2263,2025-05-10,2025,2,2025-05,1061,Taylor Kaufman,North,2069,Clothing-Garden,Clothing,404,2,1402.08
2329,2025-05-10,2025,2,2025-05,1071,Christopher Frost,East,2052,Office-Year,Office,401,2,1104.09
1414,2025-05-11,2025,2,2025-05,1175,Teresa Lopez,West,2042,Clothing-Lawyer,Clothing,404,2,820.17
1695,2025-05-11,2025,2,2025-05,1199,James Cooley,West,2023,Home-Yeah,Home,404,3,3264.13
1798,2025-05-11,2025,2,2025-05,1197,William Wilson,West,2061,Home-Quite,Home,401,,1146.79
2247,2025-05-11,2025,2,2025-05,1020,Michelle Brewer,East,2079,Office-Who,Office,404,0,4357.88
348,2025-05-12,2025,2,2025-05,1181,Tiffany Smith,East,2054,Electronics-Above,Electronics,404,3,2600.14
390,2025-05-12,2025,2,2025-05,1172,Eric Barr,East,2068,Home-Read,Home,403,3,1069.32
1316,2025-05-12,2025,2,2025-05,1111,Ronald Chavez,South-West,2062,Office-Receive,Office,401,2,1238.84
1376,2025-05-12,2025,2,2025-05,1080,Thomas Parker,South-West,2060,Office-Term,Office,403,2,1808.62
2120,2025-05-12,2025,2,2025-05,1034,Heather Smith,Central,2052,Office-Year,Office,403,3,986.67
33,2025-05-13,2025,2,2025-05,1038,Jason Ford,East,2047,Clothing-Hair,Clothing,402,0,1803.01
889,2025-05-13,2025,2,2025-05,1075,Joseph Chavez,North,2056,Office-About,Office,402,2,1972.74
1008,2025-05-13,2025,2,2025-05,1171,Ronald Marquez,South-West,2079,Office-Who,Office,404,2,723.47
1399,2025-05-13,2025,2,2025-05,1083,Jacqueline Bishop,South,2050,Electronics-Young,Electronics,402,3,606.42
1678,2025-05-13,2025,2,2025-05,1033,Paul Perkins,East,2019,Home-History,Home,402,3,3767.49
1797,2025-05-13,2025,2,2025-05,1046,Tyler Colon,Central,2041,Home-Assume,Home,404,1,826.2
2113,2025-05-13,2025,2,2025-05,1034,Heather Smith,Central,2065,Office-Animal,Office,401,3,351.53
2136,2025-05-13,2025,2,2025-05,1180,Jennifer Smith,South-West,2054,Electronics-Above,Electronics,402,3,3612.33
2364,2025-05-13,2025,2,2025-05,1180,Jennifer Smith,South-West,2076,Clothing-Affect,Clothing,402,1,817.33
73,2025-05-14,2025,2,2025-05,1071,Christopher Frost,East,2019,Home-History,Home,402,0,2338.33
162,2025-05-14,2025,2,2025-05,1005,Jessica Mora,South,2095,Home-Seem,Home,402,1,1372.27
164,2025-05-14,2025,2,2025-05,1195,Michael Lee,South-West,2023,Home-Yeah,Home,403,2,1010.52
288,2025-05-14,2025,2,2025-05,1073,Matthew Clark,Central,2064,Electronics-Stop,Electronics,404,3,1096.3
448,2025-05-14,2025,2,2025-05,1048,Dr. Donald Proctor,North,2025,Electronics-Assume,Electronics,402,2,445.39
751,2025-05-14,2025,2,2025-05,1106,Jennifer Ewing,East,2018,Electronics-Nature,Electronics,402,3,1423.82
955,2025-05-14,2025,2,2025-05,1182,James Gray,West,2073,Clothing-Executive,Clothing,403,3,580.06
1379,2025-05-14,2025,2,2025-05,1017,Brittney Burnett,North,2099,Electronics-Several,Electronics,402,2,759.38
1741,2025-05-14,2025,2,2025-05,1157,Cheryl Wu,West,2079,Office-Who,Office,402,3,2972.98
106,2025-05-15,2025,2,2025-05,1138,Bonnie Stewart,South,2095,Home-Seem,Home,402,0,1250.52
475,2025-05-15,2025,2,2025-05,1005,Jessica Mora,South,2091,Office-Mrs,Office,402,2,4227.13
662,2025-05-15,2025,2,2025-05,1130,Mary Sandoval,North,2091,Office-Mrs,Office,401,3,3327.67
710,2025-05-15,2025,2,2025-05,1039,Brandy Good,West,2091,Office-Mrs,Office,404,2,526.12
868,2025-05-15,2025,2,2025-05,1170,Eric Davis,North,2097,Office-Recent,Office,404,2,4693.01
1005,2025-05-15,2025,2,2025-05,1101,Ryan Martin,South-West,2023,Home-Yeah,Home,403,1,826.88
1104,2025-05-15,2025,2,2025-05,1161,David Ellis,East,2055,Clothing-Politics,Clothing,403,1,1461.23
1188,2025-05-15,2025,2,2025-05,1167,Terry Frederick,North,2010,Electronics-Themselves,Electronics,404,1,1990.09
1320,2025-05-15,2025,2,2025-05,1182,James Gray,West,2029,Home-Yourself,Home,404,0,63.41
1993,2025-05-15,2025,2,2025-05,1153,Michelle Martinez,East,2005,Office-Huge,Office,404,2,1139.32
2140,2025-05-15,2025,2,2025-05,1080,Thomas Parker,South-West,2054,Electronics-Above,Electronics,404,3,4468.26
2288,2025-05-15,2025,2,2025-05,1024,Andres Avila,Central,2009,Office-Raise,Office,403,0,35.09
292,2025-05-16,2025,2,2025-05,1184,Brittney Chen,East,2054,Electronics-Above,Electronics,402,2,1031.26
625,2025-05-16,2025,2,2025-05,1005,Jessica Mora,South,2069,Clothing-Garden,Clothing,402,3,1307.13
859,2025-05-16,2025,2,2025-05,1010,Mike Davis,East,2097,Office-Recent,Office,401,2,2629.54
882,2025-05-16,2025,2,2025-05,1096,Patricia Rogers,South,2085,Electronics-Officer,Electronics,401,3,1323.73
975,2025-05-16,2025,2,2025-05,1069,Virginia Warren,North,2023,Home-Yeah,Home,401,2,1842.52
1058,2025-05-16,2025,2,2025-05,1158,Kelly Gallagher,East,2008,Electronics-Skin,Electronics,401,,501.82
1084,2025-05-16,2025,2,2025-05,1073,Matthew Clark,Central,2068,Home-Read,Home,404,2,793.52
1326,2025-05-16,2025,2,2025-05,1177,Katherine West,East,2068,Home-Read,Home,403,2,282.83
1372,2025-05-16,2025,2,2025-05,1058,Steven Jackson,Central,2039,Clothing-Need,Clothing,404,1,3496.05
1508,2025-05-16,2025,2,2025-05,1101,Ryan Martin,South-West,2013,Office-Cultural,Office,401,2,4547.72
1596,2025-05-16,2025,2,2025-05,1065,Daniel Adams,Central,2045,Office-Next,Office,401,1,262.11
1634,2025-05-16,2025,2,2025-05,1034,Heather Smith,Central,2004,Office-Where,Office,402,3,1216.53
1672,2025-05-16,2025,2,2025-05,1083,Jacqueline Bishop,South,2074,Clothing-Strong,Clothing,401,1,330.55
1819,2025-05-16,2025,2,2025-05,1195,Michael Lee,South-West,2024,Clothing-Paper,Clothing,402,0,1431.18
206,2025-05-17,2025,2,2025-05,1116,Melissa Rivera,Central,2077,Office-Ball,Office,403,3,1613.89
398,2025-05-17,2025,2,2025-05,1129,Karina Jones,East,2097,Office-Recent,Office,404,1,3485.01
961,2025-05-17,2025,2,2025-05,1080,Thomas Parker,South-West,2092,Electronics-Add,Electronics,403,0,1798.2
1098,2025-05-17,2025,2,2025-05,1020,Michelle Brewer,East,2064,Electronics-Stop,Electronics,401,3,925.49
1110,2025-05-17,2025,2,2025-05,1049,Rebecca Jordan,West,2013,Office-Cultural,Office,403,3,2844.02
1171,2025-05-17,2025,2,2025-05,1079,Zachary Thompson MD,East,2018,Electronics-Nature,Electronics,403,1,1334.29
1280,2025-05-17,2025,2,2025-05,1061,Taylor Kaufman,North,2085,Electronics-Officer,Electronics,404,3,1294.22
1381,2025-05-17,2025,2,2025-05,1080,Thomas Parker,South-West,2068,Home-Read,Home,402,1,1215.3
1608,2025-05-17,2025,2,2025-05,1030,Alice Robinson,East,2088,Office-Evening,Office,404,1,1538.06
1629,2025-05-17,2025,2,2025-05,1005,Jessica Mora,South,2015,Office-Itself,Office,404,0,1879.48
1833,2025-05-17,2025,2,2025-05,1116,Melissa Rivera,Central,2070,Clothing-About,Clothing,404,1,93.08
1934,2025-05-17,2025,2,2025-05,1033,Paul Perkins,East,2054,Electronics-Above,Electronics,401,3,1665.25
2111,2025-05-17,2025,2,2025-05,1086,Robert Rodriguez,East,2090,Office-Staff,Office,401,,1138.32
2176,2025-05-17,2025,2,2025-05,1133,Victor Wagner,South-West,2070,Clothing-About,Clothing,403,1,85.81
677,2025-05-18,2025,2,2025-05,1119,Cameron Hernandez,East,2097,Office-Recent,Office,404,0,2139.24
951,2025-05-18,2025,2,2025-05,1096,Patricia Rogers,South,2089,Electronics-Action,Electronics,404,0,193.85
1586,2025-05-18,2025,2,2025-05,1199,James Cooley,West,2067,Clothing-Remain,Clothing,401,,1649.68
380,2025-05-19,2025,2,2025-05,1130,Mary Sandoval,North,2083,Clothing-Cut,Clothing,404,2,1642.35
459,2025-05-19,2025,2,2025-05,1116,Melissa Rivera,Central,2036,Electronics-Candidate,Electronics,403,3,921.51
964,2025-05-19,2025,2,2025-05,1186,Timothy Williams,West,2066,Office-Occur,Office,403,1,752.62
977,2025-05-19,2025,2,2025-05,1050,Jeffrey Mclaughlin,East,2046,Clothing-Worry,Clothing,404,1,71.15
1119,2025-05-19,2025,2,2025-05,1195,Michael Lee,South-West,2091,Office-Mrs,Office,403,3,2591.31
1319,2025-05-19,2025,2,2025-05,1005,Jessica Mora,South,2067,Clothing-Remain,Clothing,402,0,242.37
129,2025-05-20,2025,2,2025-05,1032,Terri Long,East,2046,Clothing-Worry,Clothing,401,0,92.44
228,2025-05-20,2025,2,2025-05,1125,Debbie Andrews,West,2093,Home-Real,Home,403,3,1784.26
338,2025-05-20,2025,2,2025-05,1066,Derrick Myers,North,2012,Clothing-Artist,Clothing,403,2,565.07
408,2025-05-20,2025,2,2025-05,1165,Richard Burnett,Central,2001,Electronics-Boost,Electronics,402,0,818.46
1037,2025-05-20,2025,2,2025-05,1170,Eric Davis,North,2091,Office-Mrs,Office,403,,2542.36
1268,2025-05-20,2025,2,2025-05,1071,Christopher Frost,East,2014,Clothing-Eat,Clothing,401,2,727.87
1377,2025-05-20,2025,2,2025-05,1146,Jonathan Andrade,South-West,2029,Home-Yourself,Home,402,1,75.77
1671,2025-05-20,2025,2,2025-05,1007,David Kim,West,2029,Home-Yourself,Home,402,1,133.42
1855,2025-05-20,2025,2,2025-05,1050,Jeffrey Mclaughlin,East,2077,Office-Ball,Office,402,3,639.49
1971,2025-05-20,2025,2,2025-05,1066,Derrick Myers,North,2097,Office-Recent,Office,402,1,1185.6
2267,2025-05-20,2025,2,2025-05,1010,Mike Davis,East,2005,Office-Huge,Office,401,0,1459.63
23,2025-05-21,2025,2,2025-05,1060,Mr. Christopher Thompson,South,2091,Office-Mrs,Office,404,3,1240.87
167,2025-05-21,2025,2,2025-05,1170,Eric Davis,North,2009,Office-Raise,Office,403,1,139.83
421,2025-05-21,2025,2,2025-05,1070,Brittany Johnson,East,2033,Clothing-Argue,Clothing,402,3,1324.01
486,2025-05-21,2025,2,2025-05,1048,Dr. Donald Proctor,North,2063,Home-Good,Home,402,2,677.95
1036,2025-05-21,2025,2,2025-05,1073,Matthew Clark,Central,2013,Office-Cultural,Office,404,1,1176.02
1692,2025-05-21,2025,2,2025-05,1016,Andrea Roberts,East,2094,Office-Fight,Office,401,1,1159.3
1732,2025-05-21,2025,2,2025-05,1199,James Cooley,West,2097,Office-Recent,Office,404,1,4461.5
39,2025-05-22,2025,2,2025-05,1020,Michelle Brewer,East,2039,Clothing-Need,Clothing,404,2,4929.06
144,2025-05-22,2025,2,2025-05,1192,Gregory Medina,East,2057,Clothing-Identify,Clothing,402,2,1579.52
317,2025-05-22,2025,2,2025-05,1044,Anita Huerta,East,2011,Electronics-Religious,Electronics,401,1,982.08
481,2025-05-22,2025,2,2025-05,1015,Jennifer Rodgers,North,2023,Home-Yeah,Home,401,1,3012.58
685,2025-05-22,2025,2,2025-05,1065,Daniel Adams,Central,2007,Clothing-Over,Clothing,404,0,876.37
711,2025-05-22,2025,2,2025-05,1115,Gina Banks,West,2070,Clothing-About,Clothing,402,0,49.61
1721,2025-05-22,2025,2,2025-05,1066,Derrick Myers,North,2029,Home-Yourself,Home,402,3,133.68
2373,2025-05-22,2025,2,2025-05,1007,David Kim,West,2054,Electronics-Above,Electronics,403,0,3406.14
98,2025-05-23,2025,2,2025-05,1190,Elizabeth Robinson,South-West,2036,Electronics-Candidate,Electronics,402,2,420.76
177,2025-05-23,2025,2,2025-05,1089,Matthew Hernandez,North,2013,Office-Cultural,Office,403,0,1615.63
335,2025-05-23,2025,2,2025-05,1032,Terri Long,East,2019,Home-History,Home,404,1,1660.49
899,2025-05-23,2025,2,2025-05,1063,Howard Case,South-West,2053,Home-Ground,Home,404,2,1029.35
982,2025-05-23,2025,2,2025-05,1003,David Brennan,North,2046,Clothing-Worry,Clothing,401,2,131.49
2036,2025-05-23,2025,2,2025-05,1009,Zachary Bell Jr.,East,2097,Office-Recent,Office,401,1,1142.19
2177,2025-05-23,2025,2,2025-05,1111,Ronald Chavez,South-West,2061,Home-Quite,Home,402,1,1040.43
212,2025-05-24,2025,2,2025-05,1107,Emily Hoffman,West,2048,Electronics-Candidate,Electronics,404,3,1381.32
387,2025-05-24,2025,2,2025-05,1195,Michael Lee,South-West,2079,Office-Who,Office,403,3,1121.81
637,2025-05-24,2025,2,2025-05,1022,Austin Gutierrez,East,2091,Office-Mrs,Office,404,2,3776.0
888,2025-05-24,2025,2,2025-05,1093,Christian Medina,East,2021,Clothing-Skill,Clothing,404,0,140.02
930,2025-05-24,2025,2,2025-05,1053,Benjamin Cline,East,2000,Electronics-Signal,Electronics,403,2,1895.53
1017,2025-05-24,2025,2,2025-05,1187,Kayla Solomon,North,2011,Electronics-Religious,Electronics,403,0,1679.31
1142,2025-05-24,2025,2,2025-05,1048,Dr. Donald Proctor,North,2019,Home-History,Home,404,0,3175.05
1162,2025-05-24,2025,2,2025-05,1112,Joseph Flores,East,2091,Office-Mrs,Office,403,2,2853.69
1533,2025-05-24,2025,2,2025-05,1048,Dr. Donald Proctor,North,2088,Office-Evening,Office,402,0,535.12
2070,2025-05-24,2025,2,2025-05,1068,Melissa Gutierrez,East,2034,Clothing-Feel,Clothing,404,0,278.67
2222,2025-05-24,2025,2,2025-05,1076,Glenn Shelton,East,2013,Office-Cultural,Office,402,,641.5
2358,2025-05-25,2025,2,2025-05,1026,Gary Walls,North,2039,Clothing-Need,Clothing,401,3,3431.3
1314,2025-05-26,2025,2,2025-05,1168,Denise Gonzales,South,2075,Electronics-Letter,Electronics,401,0,675.08
1343,2025-05-26,2025,2,2025-05,1196,Dr. Elizabeth Johnston DDS,North,2079,Office-Who,Office,402,2,4406.14
363,2025-05-27,2025,2,2025-05,1034,Heather Smith,Central,2021,Clothing-Skill,Clothing,401,0,1298.63
1068,2025-05-27,2025,2,2025-05,1008,William Ramirez,East,2040,Clothing-Determine,Clothing,402,0,86.59
1198,2025-05-27,2025,2,2025-05,1140,Carla Flores,East,2096,Office-Discuss,Office,402,2,758.19
1897,2025-05-27,2025,2,2025-05,1115,Gina Banks,West,2045,Office-Next,Office,402,,1631.85
2175,2025-05-27,2025,2,2025-05,1024,Andres Avila,Central,2079,Office-Who,Office,401,3,3494.8
154,2025-05-28,2025,2,2025-05,1099,Lori Howard,East,2005,Office-Huge,Office,404,2,746.33
605,2025-05-28,2025,2,2025-05,1118,Briana Alvarado,South,2084,Office-Stuff,Office,402,1,340.97
639,2025-05-28,2025,2,2025-05,1005,Jessica Mora,South,2079,Office-Who,Office,403,3,3898.6
848,2025-05-28,2025,2,2025-05,1034,Heather Smith,Central,2015,Office-Itself,Office,404,1,900.78
866,2025-05-28,2025,2,2025-05,1114,Grace Price,South,2061,Home-Quite,Home,402,1,1336.5
1362,2025-05-28,2025,2,2025-05,1047,Ashley Pearson,West,2093,Home-Real,Home,401,0,1949.67
1400,2025-05-28,2025,2,2025-05,1063,Howard Case,South-West,2019,Home-History,Home,401,0,4760.54
229,2025-05-29,2025,2,2025-05,1134,Joseph Aguilar,West,2019,Home-History,Home,401,3,3338.16
307,2025-05-29,2025,2,2025-05,1005,Jessica Mora,South,2071,Clothing-Success,Clothing,402,0,322.6
661,2025-05-29,2025,2,2025-05,1005,Jessica Mora,South,2035,Home-According,Home,403,3,3500.05
1049,2025-05-29,2025,2,2025-05,1032,Terri Long,East,2025,Electronics-Assume,Electronics,401,,1765.8
1109,2025-05-29,2025,2,2025-05,1059,Steve Massey,West,2018,Electronics-Nature,Electronics,401,1,1809.96
1447,2025-05-29,2025,2,2025-05,1070,Brittany Johnson,East,2053,Home-Ground,Home,402,3,1004.64
1481,2025-05-29,2025,2,2025-05,1034,Heather Smith,Central,2091,Office-Mrs,Office,401,1,2720.67
1632,2025-05-29,2025,2,2025-05,1175,Teresa Lopez,West,2039,Clothing-Need,Clothing,402,1,3067.78
1957,2025-05-29,2025,2,2025-05,1002,Mark Marshall,Central,2039,Clothing-Need,Clothing,401,2,763.19
2324,2025-05-29,2025,2,2025-05,1032,Terri Long,East,2000,Electronics-Signal,Electronics,401,,708.28
2375,2025-05-29,2025,2,2025-05,1019,Michelle Torres,Central,2054,Electronics-Above,Electronics,404,2,4775.58
496,2025-05-30,2025,2,2025-05,1076,Glenn Shelton,East,2027,Home-Purpose,Home,403,,1394.95
509,2025-05-30,2025,2,2025-05,1171,Ronald Marquez,South-West,2039,Clothing-Need,Clothing,401,0,4051.35
894,2025-05-30,2025,2,2025-05,1006,Hannah Ray,West,2031,Office-Develop,Office,401,0,843.22
966,2025-05-30,2025,2,2025-05,1034,Heather Smith,Central,2041,Home-Assume,Home,401,3,4703.25
1112,2025-05-30,2025,2,2025-05,1029,Gina Powers,West,2010,Electronics-Themselves,Electronics,402,2,703.91
1137,2025-05-30,2025,2,2025-05,1066,Derrick Myers,North,2009,Office-Raise,Office,404,0,114.74
1421,2025-05-30,2025,2,2025-05,1124,Megan Novak,East,2011,Electronics-Religious,Electronics,404,0,1462.34
1796,2025-05-30,2025,2,2025-05,1143,Miss Chelsea Castro DDS,Central,2092,Electronics-Add,Electronics,403,,1064.33
1842,2025-05-30,2025,2,2025-05,1032,Terri Long,East,2013,Office-Cultural,Office,402,2,3313.72
2118,2025-05-30,2025,2,2025-05,1195,Michael Lee,South-West,2045,Office-Next,Office,404,3,1611.65
502,2025-05-31,2025,2,2025-05,1192,Gregory Medina,East,2064,Electronics-Stop,Electronics,401,2,338.62
1523,2025-05-31,2025,2,2025-05,1105,Taylor Clarke,Central,2067,Clothing-Remain,Clothing,403,,634.65
1548,2025-05-31,2025,2,2025-05,1032,Terri Long,East,2028,Electronics-Take,Electronics,402,0,72.81
1587,2025-05-31,2025,2,2025-05,1066,Derrick Myers,North,2046,Clothing-Worry,Clothing,401,0,62.82
2086,2025-05-31,2025,2,2025-05,1020,Michelle Brewer,East,2039,Clothing-Need,Clothing,401,1,1994.07
